tract_geoid,municipio,building_count,occupied_h3_cell_count,nsrdb_site_count,osm_pv_count,detected_pv_count,any_pv_signal_count,overlap_count,total_detected_area_deg2,osm_pv_rate,osm_labeled_buildings_per_1000,detected_pv_rate,detected_pv_buildings_per_1000,any_pv_signal_rate,any_pv_evidence_buildings_per_1000,nsrdb_multiyear_ghi_mean,nsrdb_multiyear_dni_mean,nsrdb_multiyear_dhi_mean,nsrdb_multiyear_air_temperature_mean,acs_vintage,median_household_income_usd,total_housing_units,tenure_total,tenure_owner_occupied,tenure_renter_occupied,edu_total_25plus,edu_bachelors,edu_masters,edu_professional,edu_doctorate,language_population_5plus,spanish_speaking_18_64,spanish_english_well_18_64,spanish_english_not_well_18_64,spanish_english_not_at_all_18_64,pct_owner_occupied,pct_bachelor_plus,pct_spanish_speaking_18_64,pct_spanish_english_well_18_64,pct_spanish_english_not_well_18_64,pct_spanish_english_not_at_all_18_64,cdc_svi_2020_location,cdc_svi_2020_overall_percentile,urban_block_count,total_urban_pop,total_urban_housing_units,urban_land_area_m2,pct_urban_pop,pct_urban_population,pct_urban_housing_units,pct_urban_land_area,is_urban
72071410100,Isabela,5420,709,7,11,134,142,3,1.0844675251882706e-06,0.002029520295202952,2.029520295202952,0.024723247232472326,24.723247232472325,0.026199261992619925,26.199261992619927,240.49314628107743,259.7049158467239,66.40269242180865,27.748615693046766,2024,29157.0,2715,2028,1356,672,4678,971,122,17,0,5832,3248,805,849,1148,0.6686390532544378,0.23728088926891835,0.5569272976680384,0.2478448275862069,0.26139162561576357,0.35344827586206895,"Census Tract 4101, Isabela Municipio, Puerto Rico",60.74,38,5685.0,2605.0,17555216.0,1.0698155814828754,1.0698155814828754,1.0144080996884735,0.8597877538050711,true
72071410200,Isabela,2183,167,2,7,52,58,1,4.093228156602845e-07,0.00320659642693541,3.20659642693541,0.023820430600091615,23.820430600091616,0.02656894182317911,26.568941823179113,241.3641363410612,260.8634384543903,65.81392304860755,27.991630650122136,2024,23924.0,1510,995,686,309,2502,687,52,0,0,2911,1743,526,160,654,0.6894472361809045,0.29536370903277376,0.5987633115767778,0.3017785427423982,0.09179575444635686,0.37521514629948366,"Census Tract 4102, Isabela Municipio, Puerto Rico",58.68,27,2588.0,1403.0,2253426.0,0.8850889192886456,0.8850889192886456,0.9039948453608248,1.0,true
72071410300,Isabela,1714,117,3,52,69,109,12,4.6857367009846286e-07,0.030338389731621937,30.338389731621938,0.040256709451575265,40.25670945157526,0.06359393232205368,63.593932322053675,242.2557655362713,261.40776128826076,66.41491692541375,27.932805415432433,2024,18828.0,1627,1064,675,389,2089,413,64,47,14,2639,1508,338,419,448,0.6343984962406015,0.2575394925801819,0.5714285714285714,0.22413793103448276,0.27785145888594165,0.29708222811671087,"Census Tract 4103, Isabela Municipio, Puerto Rico",50.870000000000005,53,2346.0,1454.0,1429152.0,0.9012677679600462,0.9012677679600462,0.8931203931203932,0.5433577305042196,true
72071410401,Isabela,3811,529,3,0,177,177,0,1.3560209361858555e-06,0.0,0.0,0.04644450275518237,46.44450275518237,0.04644450275518237,46.44450275518237,243.56890602582178,264.7133483168147,65.50561485272794,27.874213025401335,2024,19900.0,1847,1056,670,386,2633,675,146,5,46,2944,1614,391,347,404,0.634469696969697,0.3311811621724269,0.548233695652174,0.24225526641883519,0.21499380421313508,0.2503097893432466,"Census Tract 4104.01, Isabela Municipio, Puerto Rico",83.95,38,3502.0,1984.0,10194858.0,0.9177148846960168,0.9177148846960168,0.9598451862602806,1.0,true
72071410403,Isabela,4811,574,7,24,252,274,2,1.4697437302222793e-06,0.004988567865308668,4.988567865308668,0.05237996258574101,52.37996258574101,0.05695281646227396,56.95281646227396,242.1675150105629,261.7851543614592,66.29605093864582,27.799579686877472,2024,21000.0,2310,1596,1085,511,3778,461,114,121,0,5108,3299,1014,967,997,0.6798245614035088,0.1842244573848597,0.6458496476115897,0.3073658684449833,0.2931191270081843,0.3022127917550773,"Census Tract 4104.03, Isabela Municipio, Puerto Rico",34.06,47,4875.0,2302.0,11692566.0,0.9149774774774775,0.9149774774774775,0.9750105887335875,1.0,true
72071410404,Isabela,2324,234,5,4,75,78,1,4.6357330219022955e-07,0.0017211703958691911,1.721170395869191,0.032271944922547334,32.271944922547334,0.03356282271944923,33.56282271944922,240.7087945561744,258.8240910236899,67.1916304062854,27.693106906374798,2024,19487.0,1326,921,648,273,2205,289,42,0,0,2880,1910,346,571,871,0.7035830618892508,0.15011337868480726,0.6631944444444444,0.181151832460733,0.29895287958115185,0.456020942408377,"Census Tract 4104.04, Isabela Municipio, Puerto Rico",32.21,18,2868.0,1306.0,3077807.0,1.1181286549707603,1.1181286549707603,1.1671134941912422,1.0,true
72071410500,Isabela,4267,438,5,433,174,469,138,1.3844604559538595e-06,0.10147644715256621,101.47644715256621,0.040778064213733305,40.7780642137333,0.1099132880243731,109.9132880243731,241.1833197879994,260.0564892870319,66.5549463525728,27.814323590528154,2024,24693.0,2999,2283,1467,816,4596,1168,285,17,0,6188,4094,1719,475,604,0.6425755584756899,0.3198433420365535,0.6616031027795733,0.4198827552515877,0.11602344894968246,0.14753297508549096,"Census Tract 4105, Isabela Municipio, Puerto Rico",34.38,56,5849.0,2854.0,6836441.0,0.9893437077131259,0.9893437077131259,1.079017013232514,1.0,true
72071410600,Isabela,5188,957,13,0,114,114,0,6.019459455325586e-07,0.0,0.0,0.02197378565921357,21.97378565921357,0.02197378565921357,21.97378565921357,230.59725828996645,243.41980971853266,69.5606827384706,27.030192778409052,2024,17273.0,2621,1646,1044,602,3080,479,158,16,0,4115,2007,360,521,894,0.6342648845686513,0.21201298701298701,0.48772782503037665,0.17937219730941703,0.25959142999501744,0.445440956651719,"Census Tract 4106, Isabela Municipio, Puerto Rico",49.669999999999995,41,4419.0,2204.0,15986197.0,1.0378111789572568,1.0378111789572568,0.9047619047619048,0.331089288353822,true
72071410701,Isabela,2289,252,3,0,60,60,0,3.7940632380507547e-07,0.0,0.0,0.02621231979030144,26.212319790301443,0.02621231979030144,26.212319790301443,234.90513515886565,247.10122976015958,70.31068799747084,27.37302832393608,2024,18254.0,1304,854,587,267,1775,285,22,0,0,2235,1297,176,279,515,0.6873536299765808,0.17295774647887324,0.5803131991051454,0.13569776407093292,0.2151117964533539,0.39707016191210487,"Census Tract 4107.01, Isabela Municipio, Puerto Rico",73.21,29,2365.0,1134.0,3524030.0,0.9825508932280848,0.9825508932280848,0.9418604651162791,0.7401424741130862,true
72071410703,Isabela,3585,534,10,0,160,160,0,9.73395905146385e-07,0.0,0.0,0.044630404463040445,44.63040446304045,0.044630404463040445,44.63040446304045,232.09368135520512,243.6128969881797,70.5248751909247,27.221082499294305,2024,21175.0,2000,1356,841,515,2758,434,330,0,22,3745,2134,400,475,890,0.6202064896755162,0.2849891225525743,0.5698264352469959,0.18744142455482662,0.2225866916588566,0.41705716963448924,"Census Tract 4107.03, Isabela Municipio, Puerto Rico",22.45,17,2576.0,1153.0,3998641.0,0.8126182965299684,0.8126182965299684,0.7940771349862259,0.15040326853125038,true
72071410704,Isabela,3329,395,6,0,100,100,0,6.141501019600122e-07,0.0,0.0,0.030039050765995796,30.039050765995796,0.030039050765995796,30.039050765995796,235.11507356287987,249.89939082154896,68.90665776496398,27.38043637114605,2024,27706.0,1573,1127,856,271,2499,230,85,0,2,3039,2268,459,348,1001,0.7595385980479148,0.12685074029611845,0.7462981243830207,0.20238095238095238,0.15343915343915343,0.44135802469135804,"Census Tract 4107.04, Isabela Municipio, Puerto Rico",76.46,34,3540.0,1662.0,6521380.0,1.270182992465016,1.270182992465016,1.2543396226415093,1.0,true
72127000400,San Juan,493,19,1,20,46,53,13,1.5672616072952057e-07,0.04056795131845842,40.56795131845842,0.09330628803245436,93.30628803245436,0.1075050709939148,107.50507099391481,240.80930160334114,256.76014905681666,69.00380154363599,28.130165050581134,2024,19819.0,913,576,331,245,852,214,20,80,22,976,530,103,11,212,0.5746527777777778,0.39436619718309857,0.5430327868852459,0.19433962264150945,0.020754716981132074,0.4,"Census Tract 4, San Juan Municipio, Puerto Rico",39.15,16,1073.0,837.0,117178.0,0.7405106970324362,0.7405106970324362,0.7807835820895522,1.0,true
72127000506,San Juan,771,47,1,45,124,141,28,6.596642078892379e-07,0.058365758754863814,58.36575875486381,0.1608300907911803,160.83009079118028,0.1828793774319066,182.87937743190662,240.8093016033438,256.7601490568175,69.00380154363619,28.130165050581137,2024,66176.0,1219,826,454,372,1464,349,206,111,92,1790,747,203,102,49,0.549636803874092,0.51775956284153,0.4173184357541899,0.2717536813922356,0.13654618473895583,0.06559571619812583,"Census Tract 5.06, San Juan Municipio, Puerto Rico",34.489999999999995,52,1344.0,1248.0,391876.0,0.6699900299102692,0.6699900299102692,0.8432432432432433,1.0,true
72127000600,San Juan,304,67,1,12,32,32,12,8.135164192001554e-07,0.039473684210526314,39.473684210526315,0.10526315789473684,105.26315789473684,0.10526315789473684,105.26315789473684,240.8093016033432,256.7601490568148,69.00380154363555,28.130165050581137,2024,30272.0,1125,889,304,585,1436,320,295,194,35,1775,896,133,165,81,0.34195725534308213,0.5877437325905293,0.5047887323943662,0.1484375,0.18415178571428573,0.09040178571428571,"Census Tract 6, San Juan Municipio, Puerto Rico",47.83,25,1978.0,1039.0,694427.0,1.3213092852371409,1.3213092852371409,1.1293478260869565,1.0,true
72127000700,San Juan,348,77,1,8,25,25,8,4.643636543820818e-07,0.022988505747126436,22.988505747126435,0.07183908045977011,71.83908045977012,0.07183908045977011,71.83908045977012,240.80930160334245,256.76014905681546,69.0038015436357,28.130165050581137,2024,21281.0,1212,861,411,450,1332,323,212,69,73,1674,820,123,108,97,0.47735191637630664,0.5082582582582582,0.48984468339307047,0.15,0.13170731707317074,0.11829268292682926,"Census Tract 7, San Juan Municipio, Puerto Rico",62.150000000000006,31,1933.0,1189.0,764766.0,0.7363809523809524,0.7363809523809524,1.1476833976833978,0.9174135178158638,true
72127000900,San Juan,427,51,2,7,35,38,4,2.5142380643071414e-07,0.01639344262295082,16.39344262295082,0.08196721311475409,81.9672131147541,0.08899297423887588,88.99297423887587,238.7978564811577,251.36558031803582,71.40671619117764,28.12551085958741,2024,82179.0,2564,1683,1234,449,2602,792,385,558,67,2847,1133,189,20,0,0.7332144979203803,0.6925441967717141,0.39796276782578155,0.16681376875551632,0.0176522506619594,0.0,"Census Tract 9, San Juan Municipio, Puerto Rico",0.65,24,2724.0,2345.0,499699.0,0.8870074894171279,0.8870074894171279,1.0125215889464594,1.0,true
72127001001,San Juan,337,41,1,5,34,35,4,3.812794306714332e-07,0.01483679525222552,14.836795252225519,0.10089020771513353,100.89020771513353,0.10385756676557864,103.85756676557864,237.31789076117755,247.3964057582009,73.17471436680808,28.12208643450666,2024,60923.0,2943,1682,816,866,2452,568,349,417,128,2645,926,212,160,24,0.48513674197384066,0.5962479608482871,0.3500945179584121,0.22894168466522677,0.17278617710583152,0.02591792656587473,"Census Tract 10.01, San Juan Municipio, Puerto Rico",6.29,19,3876.0,3121.0,376003.0,1.3519358214161143,1.3519358214161143,1.1971614883007289,1.0,true
72127001002,San Juan,255,26,1,11,21,26,6,8.9843119755568e-08,0.043137254901960784,43.13725490196079,0.08235294117647059,82.3529411764706,0.10196078431372549,101.96078431372548,237.31789076117838,247.3964057581999,73.1747143668084,28.122086434506585,2024,74057.0,1395,1094,814,280,1585,582,397,228,75,1779,1052,29,19,0,0.7440585009140768,0.8088328075709779,0.5913434513771781,0.027566539923954372,0.01806083650190114,0.0,"Census Tract 10.02, San Juan Municipio, Puerto Rico",0.33,10,2064.0,1394.0,199700.0,1.1266375545851528,1.1266375545851528,0.9680555555555556,1.0,true
72127001100,San Juan,685,39,2,36,50,58,28,3.0805411663760253e-07,0.052554744525547446,52.55474452554745,0.072992700729927,72.99270072992701,0.08467153284671533,84.67153284671532,237.60474083527563,246.03249319340242,74.57506777067593,28.145236672875278,2024,60982.0,1419,893,669,224,1491,586,241,162,50,1807,937,158,59,50,0.7491601343784995,0.6968477531857814,0.5185390149418926,0.16862326574172892,0.06296691568836713,0.05336179295624333,"Census Tract 11, San Juan Municipio, Puerto Rico",27.66,24,1811.0,1294.0,326838.0,1.110361741263029,1.110361741263029,1.0352,1.0,true
72127001200,San Juan,851,67,1,54,62,77,39,3.9785985651911303e-07,0.06345475910693302,63.45475910693302,0.07285546415981199,72.85546415981199,0.09048178613396005,90.48178613396004,237.61336790517285,245.99147326664342,74.6171836625216,28.14593292064554,2024,63209.0,1556,903,537,366,1554,654,162,60,145,2002,1096,301,115,2,0.5946843853820598,0.657014157014157,0.5474525474525475,0.27463503649635035,0.10492700729927007,0.0018248175182481751,"Census Tract 12, San Juan Municipio, Puerto Rico",14.97,32,1869.0,1413.0,660914.0,1.1666666666666667,1.1666666666666667,1.0313868613138686,0.993600141918394,true
72127001301,San Juan,123,23,1,2,3,3,2,1.417587128085677e-07,0.016260162601626018,16.260162601626018,0.024390243902439025,24.390243902439025,0.024390243902439025,24.390243902439025,237.61336790517478,245.99147326664027,74.61718366252106,28.14593292064557,2024,8250.0,930,788,0,788,1027,58,0,0,0,1491,970,197,286,378,0.0,0.05647517039922103,0.6505700871898055,0.20309278350515464,0.2948453608247423,0.38969072164948454,"Census Tract 13.01, San Juan Municipio, Puerto Rico",98.59,7,1873.0,878.0,195577.0,0.9724818276220145,0.9724818276220145,0.9051546391752577,1.0,true
72127001302,San Juan,224,30,1,0,1,1,0,4.1265902661638325e-09,0.0,0.0,0.004464285714285714,4.464285714285714,0.004464285714285714,4.464285714285714,237.61336790517598,245.9914732666416,74.61718366252133,28.145932920645528,2024,3083.0,1941,1834,27,1807,1938,22,17,0,0,3137,1638,84,387,1006,0.014721919302071973,0.020123839009287926,0.5221549250876634,0.05128205128205128,0.23626373626373626,0.6141636141636142,"Census Tract 13.02, San Juan Municipio, Puerto Rico",95.99,10,3889.0,1895.0,270745.0,0.9623855481316506,0.9623855481316506,0.9823742871954381,1.0,true
72127001400,San Juan,515,20,1,5,18,19,4,4.65192074030623e-08,0.009708737864077669,9.70873786407767,0.03495145631067961,34.95145631067961,0.036893203883495145,36.89320388349515,237.61336790517387,245.99147326663942,74.61718366252155,28.145932920645887,2024,24706.0,679,470,181,289,806,214,73,0,13,1008,579,183,101,129,0.3851063829787234,0.37220843672456577,0.5744047619047619,0.3160621761658031,0.17443868739205526,0.22279792746113988,"Census Tract 14, San Juan Municipio, Puerto Rico",97.18,22,943.0,623.0,156787.0,0.9458375125376128,0.9458375125376128,0.7710396039603961,1.0,true
72127001500,San Juan,690,33,2,20,21,29,12,1.492437226932895e-07,0.028985507246376812,28.985507246376812,0.030434782608695653,30.434782608695652,0.042028985507246375,42.028985507246375,237.51273438511674,246.46996476739014,74.1259078878948,28.137811291308463,2024,18555.0,1482,1068,312,756,1537,313,142,141,77,1772,857,336,159,129,0.29213483146067415,0.4378659726740403,0.48363431151241537,0.3920653442240373,0.1855309218203034,0.15052508751458576,"Census Tract 15, San Juan Municipio, Puerto Rico",80.80000000000001,27,1919.0,1484.0,264639.0,0.9968831168831169,0.9968831168831169,0.9979825151311366,1.0,true
72127001600,San Juan,346,36,1,11,21,24,8,1.2917185495717427e-07,0.031791907514450865,31.791907514450866,0.06069364161849711,60.69364161849711,0.06936416184971098,69.36416184971098,237.3178907611774,247.396405758201,73.17471436680805,28.122086434506667,2024,60186.0,2770,2063,1024,1039,2744,1214,390,251,165,2918,1606,423,116,78,0.4963645176926806,0.7361516034985423,0.5503769705277587,0.263387297633873,0.0722291407222914,0.048567870485678705,"Census Tract 16, San Juan Municipio, Puerto Rico",9.0,20,3463.0,2582.0,336633.0,1.4321753515301903,1.4321753515301903,1.3881720430107527,1.0,true
72127001800,San Juan,569,46,2,8,19,24,3,1.4522483176457794e-07,0.014059753954305799,14.0597539543058,0.033391915641476276,33.391915641476274,0.0421792618629174,42.1792618629174,237.76582220489848,248.59772959088914,72.63960604327299,28.123122882614688,2024,47143.0,1412,974,640,334,1768,501,301,159,25,2049,1030,225,147,129,0.6570841889117043,0.5576923076923077,0.5026842362127867,0.21844660194174756,0.14271844660194175,0.12524271844660195,"Census Tract 18, San Juan Municipio, Puerto Rico",58.03,39,2045.0,1472.0,452310.0,1.0276381909547738,1.0276381909547738,0.8835534213685474,1.0,true
72127001900,San Juan,615,51,1,41,47,62,26,2.7983106943804965e-07,0.06666666666666667,66.66666666666667,0.07642276422764227,76.42276422764228,0.1008130081300813,100.8130081300813,240.80930160334196,256.7601490568171,69.0038015436361,28.130165050581134,2024,67216.0,2430,1843,1427,416,3450,1504,634,362,118,3821,2034,447,160,79,0.7742810634834509,0.758840579710145,0.5323213818372153,0.21976401179941002,0.07866273352999016,0.03883972468043265,"Census Tract 19, San Juan Municipio, Puerto Rico",5.64,27,3468.0,2320.0,499866.0,1.1143958868894601,1.1143958868894601,0.9678765123070505,1.0,true
72127002002,San Juan,370,22,2,2,3,4,1,2.315321199342804e-08,0.005405405405405406,5.405405405405405,0.008108108108108109,8.108108108108109,0.010810810810810811,10.81081081081081,238.53516643317522,250.66106220555608,71.72053124737768,28.124903033083953,2024,28750.0,762,501,305,196,948,286,122,41,67,1153,570,152,75,79,0.6087824351297405,0.5443037974683544,0.4943625325238508,0.26666666666666666,0.13157894736842105,0.13859649122807016,"Census Tract 20.02, San Juan Municipio, Puerto Rico",37.53,17,874.0,645.0,137038.0,0.9678848283499446,0.9678848283499446,0.8739837398373984,1.0,true
72127002100,San Juan,666,57,2,6,23,23,6,3.1251661700718014e-07,0.009009009009009009,9.00900900900901,0.03453453453453453,34.53453453453454,0.03453453453453453,34.53453453453454,238.2038493682736,249.77249076941027,72.11632958134909,28.124136413660583,2024,26604.0,1058,562,250,312,688,126,116,40,23,802,459,173,36,134,0.44483985765124556,0.4433139534883721,0.5723192019950125,0.3769063180827887,0.0784313725490196,0.29193899782135074,"Census Tract 21, San Juan Municipio, Puerto Rico",42.620000000000005,30,1257.0,1144.0,492707.0,1.173669467787115,1.173669467787115,1.033423667570009,1.0,true
72127002200,San Juan,477,26,1,14,20,26,8,8.446664886061992e-08,0.029350104821802937,29.350104821802937,0.041928721174004195,41.928721174004195,0.05450733752620545,54.507337526205454,237.3178907611763,247.39640575820204,73.17471436680795,28.122086434506706,2024,25917.0,930,653,296,357,917,295,93,0,27,1188,509,131,98,71,0.45329249617151607,0.4525627044711014,0.42845117845117847,0.25736738703339884,0.1925343811394892,0.13948919449901767,"Census Tract 22, San Juan Municipio, Puerto Rico",54.559999999999995,18,1327.0,898.0,244843.0,1.0868140868140868,1.0868140868140868,0.9846491228070176,1.0,true
72127002300,San Juan,569,39,1,8,20,26,2,1.2845587063690067e-07,0.014059753954305799,14.0597539543058,0.0351493848857645,35.1493848857645,0.04569420035149385,45.69420035149385,237.31789076117585,247.3964057582018,73.17471436680844,28.122086434506734,2024,14224.0,873,552,235,317,905,171,58,0,34,1185,821,142,116,282,0.4257246376811594,0.2906077348066298,0.6928270042194092,0.17295980511571254,0.14129110840438489,0.34348355663824603,"Census Tract 23, San Juan Municipio, Puerto Rico",67.03,38,1263.0,868.0,369532.0,1.4417808219178083,1.4417808219178083,1.0457831325301206,1.0,true
72127002400,San Juan,534,54,2,18,29,34,13,3.3959984683377807e-07,0.033707865168539325,33.70786516853933,0.054307116104868915,54.30711610486891,0.06367041198501873,63.670411985018724,237.41084986265827,246.9544045249017,73.62852493175191,28.12958869980894,2024,26250.0,1465,968,437,531,1559,449,168,65,60,2363,1463,283,89,169,0.45144628099173556,0.4759461193072482,0.6191282268303004,0.19343814080656185,0.060833902939166094,0.11551606288448393,"Census Tract 24, San Juan Municipio, Puerto Rico",79.72,29,2577.0,1382.0,455847.0,1.308786185881158,1.308786185881158,1.190353143841516,1.0,true
72127002500,San Juan,633,25,2,3,6,6,3,3.544475876560002e-08,0.004739336492890996,4.739336492890995,0.009478672985781991,9.47867298578199,0.009478672985781991,9.47867298578199,237.41918387373158,246.9147780320264,73.66921016012573,28.13026129626366,2024,34241.0,845,625,417,208,994,229,63,23,0,1174,748,44,112,261,0.6672,0.31690140845070425,0.637137989778535,0.058823529411764705,0.1497326203208556,0.34893048128342247,"Census Tract 25, San Juan Municipio, Puerto Rico",83.84,23,1373.0,896.0,209079.0,0.954798331015299,0.954798331015299,0.9878721058434399,1.0,true
72127002600,San Juan,946,34,1,10,10,14,6,4.059032170197564e-08,0.010570824524312896,10.570824524312897,0.010570824524312896,10.570824524312897,0.014799154334038054,14.799154334038056,237.6133679051725,245.99147326664448,74.61718366252113,28.14593292064541,2024,22946.0,1416,913,426,487,1488,211,31,0,40,1733,1074,175,237,430,0.4665936473165389,0.18951612903225806,0.619734564339296,0.16294227188081936,0.2206703910614525,0.40037243947858475,"Census Tract 26, San Juan Municipio, Puerto Rico",79.28,38,2152.0,1376.0,265717.0,1.0627160493827161,1.0627160493827161,1.0314842578710646,1.0,true
72127002800,San Juan,1109,35,1,12,7,15,4,3.53244871114461e-08,0.010820559062218215,10.820559062218214,0.0063119927862939585,6.311992786293959,0.013525698827772768,13.525698827772768,237.61336790517242,245.99147326664487,74.61718366252033,28.14593292064531,2024,22121.0,1373,850,513,337,1395,131,65,0,0,1612,1085,180,275,463,0.6035294117647059,0.14050179211469535,0.6730769230769231,0.16589861751152074,0.2534562211981567,0.42672811059907834,"Census Tract 28, San Juan Municipio, Puerto Rico",88.39,33,1971.0,1324.0,303660.0,1.2265090230242688,1.2265090230242688,0.9477451682176091,1.0,true
72127002900,San Juan,792,24,1,9,3,12,0,6.59770056824279e-09,0.011363636363636364,11.363636363636363,0.003787878787878788,3.787878787878788,0.015151515151515152,15.151515151515152,237.61336790517285,245.99147326664323,74.61718366252161,28.145932920645574,2024,16971.0,834,481,238,243,764,41,0,0,27,1070,510,8,116,340,0.49480249480249483,0.08900523560209424,0.4766355140186916,0.01568627450980392,0.22745098039215686,0.6666666666666666,"Census Tract 29, San Juan Municipio, Puerto Rico",87.31,20,1193.0,854.0,208772.0,0.9460745440126883,0.9460745440126883,0.9075451647183846,1.0,true
72127003000,San Juan,585,24,1,13,12,20,5,3.4234471440571636e-08,0.022222222222222223,22.22222222222222,0.020512820512820513,20.512820512820515,0.03418803418803419,34.18803418803419,237.61336790517353,245.9914732666404,74.61718366252157,28.145932920645937,2024,21500.0,913,564,190,374,868,120,0,7,0,1087,715,43,196,377,0.33687943262411346,0.14631336405529954,0.6577736890524379,0.06013986013986014,0.27412587412587414,0.5272727272727272,"Census Tract 30, San Juan Municipio, Puerto Rico",69.74000000000001,13,1188.0,733.0,159457.0,0.8193103448275862,0.8193103448275862,0.9015990159901599,1.0,true
72127003100,San Juan,834,29,1,13,16,22,7,6.43259486269182e-08,0.015587529976019185,15.587529976019185,0.019184652278177457,19.18465227817746,0.026378896882494004,26.378896882494004,237.61336790517274,245.99147326664362,74.61718366252161,28.145932920645524,2024,14808.0,1421,1000,476,524,1630,213,0,42,57,2030,1007,64,377,341,0.476,0.19141104294478528,0.4960591133004926,0.06355511420059583,0.3743793445878848,0.3386295928500497,"Census Tract 31, San Juan Municipio, Puerto Rico",87.42,23,2319.0,1327.0,208946.0,1.3902877697841727,1.3902877697841727,0.9602026049204052,1.0,true
72127003200,San Juan,752,32,1,11,14,18,7,4.6842526409980264e-08,0.014627659574468085,14.627659574468085,0.018617021276595744,18.617021276595743,0.023936170212765957,23.93617021276596,237.61336790517294,245.9914732666428,74.61718366252161,28.145932920645627,2024,16950.0,1119,833,323,510,1463,276,0,7,19,2116,1373,177,272,702,0.3877551020408163,0.20642515379357484,0.6488657844990549,0.12891478514202476,0.19810633648943918,0.5112891478514202,"Census Tract 32, San Juan Municipio, Puerto Rico",98.81,32,1712.0,1031.0,231974.0,0.9169791108730584,0.9169791108730584,0.9338768115942029,1.0,true
72127003300,San Juan,556,29,1,9,7,14,2,3.002433307316921e-08,0.01618705035971223,16.18705035971223,0.012589928057553957,12.589928057553957,0.025179856115107913,25.179856115107913,237.61336790517376,245.9914732666396,74.61718366252155,28.1459329206459,2024,18750.0,787,569,271,298,926,115,19,0,0,1109,546,72,137,313,0.47627416520210897,0.1447084233261339,0.49233543733092877,0.13186813186813187,0.2509157509157509,0.5732600732600732,"Census Tract 33, San Juan Municipio, Puerto Rico",85.47,18,1291.0,751.0,242885.0,0.944403803950256,0.944403803950256,1.0148648648648648,1.0,true
72127003400,San Juan,230,35,1,5,8,9,4,5.1249313646821194e-08,0.021739130434782608,21.73913043478261,0.034782608695652174,34.78260869565217,0.0391304347826087,39.130434782608695,237.61336790517615,245.9914732666418,74.61718366252137,28.145932920645524,2024,9529.0,1347,936,242,694,1231,36,8,0,0,1777,892,208,142,500,0.25854700854700857,0.03574329813160033,0.501969611705121,0.23318385650224216,0.1591928251121076,0.5605381165919282,"Census Tract 34, San Juan Municipio, Puerto Rico",99.57000000000001,11,2127.0,1266.0,224258.0,1.0508893280632412,1.0508893280632412,1.0638655462184874,1.0,true
72127003501,San Juan,768,71,3,9,46,51,4,4.0006947282431277e-07,0.01171875,11.71875,0.059895833333333336,59.895833333333336,0.06640625,66.40625,235.530418330235,243.77760165499475,74.30256761796387,28.175869111886257,2024,10980.0,2219,1854,281,1573,2934,274,0,0,0,4672,3165,425,336,2042,0.15156418554476808,0.09338786639400136,0.6774400684931506,0.13428120063191154,0.1061611374407583,0.6451816745655609,"Census Tract 35.01, San Juan Municipio, Puerto Rico",96.31,33,4392.0,1955.0,662561.0,1.0457142857142858,1.0457142857142858,1.0305745914602003,1.0,true
72127003502,San Juan,804,33,3,7,7,10,4,3.663976429489378e-08,0.008706467661691543,8.706467661691542,0.008706467661691543,8.706467661691542,0.012437810945273632,12.437810945273633,235.3969461927451,242.92137554808113,74.82843185001215,28.171752066986603,2024,15466.0,938,573,321,252,825,97,12,0,0,1024,489,92,87,247,0.5602094240837696,0.1321212121212121,0.4775390625,0.18813905930470348,0.17791411042944785,0.5051124744376279,"Census Tract 35.02, San Juan Municipio, Puerto Rico",91.11,30,1332.0,877.0,258179.0,1.2010820559062219,1.2010820559062219,1.018583042973287,1.0,true
72127003600,San Juan,644,27,1,7,11,13,5,5.913904390470823e-08,0.010869565217391304,10.869565217391305,0.017080745341614908,17.080745341614907,0.020186335403726708,20.18633540372671,237.61336790517356,245.99147326664067,74.61718366252155,28.145932920645876,2024,19120.0,659,445,181,264,712,35,0,6,0,949,439,53,124,229,0.4067415730337079,0.05758426966292135,0.46259220231822973,0.12072892938496584,0.2824601366742597,0.5216400911161732,"Census Tract 36, San Juan Municipio, Puerto Rico",94.58,15,999.0,756.0,197151.0,0.9207373271889401,0.9207373271889401,1.008,1.0,true
72127003701,San Juan,776,27,1,8,11,14,5,4.551659506471468e-08,0.010309278350515464,10.309278350515465,0.014175257731958763,14.175257731958762,0.01804123711340206,18.04123711340206,237.6133679051729,245.99147326664297,74.6171836625216,28.145932920645606,2024,16573.0,886,695,362,333,1269,151,26,0,0,1506,1093,128,82,733,0.520863309352518,0.13947990543735225,0.7257636122177955,0.1171088746569076,0.07502287282708142,0.6706312900274474,"Census Tract 37.01, San Juan Municipio, Puerto Rico",96.41999999999999,9,1334.0,833.0,182628.0,1.0621019108280254,1.0621019108280254,0.8937768240343348,1.0,true
72127003702,San Juan,919,32,1,7,9,14,2,1.874262423458811e-08,0.007616974972796518,7.616974972796518,0.009793253536452665,9.793253536452665,0.015233949945593036,15.233949945593036,237.61336790517257,245.9914732666443,74.61718366252131,28.145932920645432,2024,21131.0,909,548,335,213,910,42,16,0,0,1118,742,117,101,448,0.6113138686131386,0.06373626373626373,0.6636851520572451,0.15768194070080863,0.13611859838274934,0.6037735849056604,"Census Tract 37.02, San Juan Municipio, Puerto Rico",73.42999999999999,28,1431.0,1000.0,229049.0,1.0703066566940913,1.0703066566940913,1.0245901639344261,1.0,true
72127003800,San Juan,741,26,1,9,8,15,2,2.7867271583369773e-08,0.012145748987854251,12.145748987854251,0.010796221322537112,10.796221322537113,0.020242914979757085,20.242914979757085,237.61336790517322,245.99147326664203,74.61718366252157,28.14593292064571,2024,26250.0,1192,834,413,421,1639,144,33,0,34,2111,1242,150,248,733,0.4952038369304556,0.12873703477730322,0.5883467550923733,0.12077294685990338,0.1996779388083736,0.5901771336553945,"Census Tract 38, San Juan Municipio, Puerto Rico",97.28999999999999,34,1843.0,1098.0,202596.0,0.8328061455038409,0.8328061455038409,1.0073394495412844,1.0,true
72127003902,San Juan,915,71,2,13,23,31,5,1.189426883191831e-07,0.014207650273224045,14.207650273224044,0.025136612021857924,25.136612021857925,0.033879781420765025,33.87978142076503,237.43769624798136,246.8267555348431,73.75958443097296,28.131755337629222,2024,18380.0,2113,1687,682,1005,2432,487,125,56,67,3332,2005,593,529,330,0.4042679312388856,0.3022203947368421,0.6017406962785115,0.29576059850374065,0.2638403990024938,0.16458852867830423,"Census Tract 39.02, San Juan Municipio, Puerto Rico",82.65,56,3604.0,2029.0,1137756.0,1.0123595505617977,1.0123595505617977,0.969885277246654,1.0,true
72127004200,San Juan,959,144,2,51,61,68,44,2.3492502607847003e-06,0.053180396246089674,53.18039624608968,0.06360792492179354,63.60792492179353,0.07090719499478623,70.90719499478624,239.32026402832437,252.76664435490315,70.78263714809681,28.126719634549115,2024,25234.0,1495,1055,567,488,1289,284,76,32,42,1561,903,288,220,166,0.5374407582938389,0.33669511249030254,0.57847533632287,0.31893687707641194,0.24363233665559247,0.18383167220376523,"Census Tract 42, San Juan Municipio, Puerto Rico",98.16,38,1962.0,1474.0,1763741.0,1.0293809024134313,1.0293809024134313,0.9358730158730159,1.0,true
72127004306,San Juan,139,22,2,0,18,18,0,7.825342013086554e-08,0.0,0.0,0.12949640287769784,129.49640287769785,0.12949640287769784,129.49640287769785,233.2945233037532,239.8847224097462,75.17107518678534,28.15392913146946,2024,2499.0,1159,796,0,796,1051,16,0,6,0,1563,1011,65,249,664,0.0,0.02093244529019981,0.6468330134357005,0.06429277942631058,0.24629080118694363,0.6567754698318496,"Census Tract 43.06, San Juan Municipio, Puerto Rico",98.37,4,2056.0,1091.0,192085.0,1.007843137254902,1.007843137254902,1.0046040515653776,1.0,true
72127004400,San Juan,886,43,2,11,24,28,7,2.7187874197704436e-07,0.012415349887133182,12.415349887133182,0.02708803611738149,27.08803611738149,0.03160270880361174,31.602708803611737,235.6347580004023,242.10858160847994,75.67880690431627,28.1593319064494,2024,17664.0,1091,818,426,392,1242,230,12,0,0,1630,978,135,224,380,0.5207823960880196,0.19484702093397746,0.6,0.13803680981595093,0.22903885480572597,0.3885480572597137,"Census Tract 44, San Juan Municipio, Puerto Rico",95.44,31,1573.0,1009.0,330800.0,1.3021523178807948,1.3021523178807948,1.204057279236277,1.0,true
72127004500,San Juan,750,28,2,11,12,18,5,3.3536422385442567e-08,0.014666666666666666,14.666666666666666,0.016,16.0,0.024,24.0,234.48570699373897,239.8536446662222,76.29533027850049,28.16711318667499,2024,16534.0,956,626,301,325,1047,105,24,0,13,1279,793,73,143,398,0.48083067092651754,0.1356255969436485,0.6200156372165755,0.09205548549810845,0.18032786885245902,0.501891551071879,"Census Tract 45, San Juan Municipio, Puerto Rico",52.82,26,1449.0,854.0,227607.0,0.9235181644359465,0.9235181644359465,0.9046610169491526,1.0,true
72127004600,San Juan,1135,45,2,5,12,14,3,5.8191498532897797e-08,0.004405286343612335,4.405286343612334,0.010572687224669603,10.572687224669604,0.012334801762114538,12.334801762114537,233.43852007597795,237.80356201316437,76.85341285999544,28.174246494615314,2024,20098.0,1574,1069,665,404,2205,219,48,0,0,2813,1596,212,497,783,0.6220767072029935,0.12108843537414966,0.5673658016352648,0.13283208020050125,0.31140350877192985,0.4906015037593985,"Census Tract 46, San Juan Municipio, Puerto Rico",76.03,29,2368.0,1396.0,412450.0,0.7572753437799808,0.7572753437799808,0.8569674647022714,1.0,true
72127004700,San Juan,2279,94,2,0,43,43,0,2.1397496497225844e-07,0.0,0.0,0.018867924528301886,18.867924528301888,0.018867924528301886,18.867924528301888,232.48732186271232,241.0402358048033,73.46304443973672,28.22380347228613,2024,17581.0,2755,1913,1204,709,3440,324,31,20,21,4122,2558,206,392,1568,0.6293779404077365,0.11511627906976744,0.6205725376031053,0.08053166536356529,0.1532447224394058,0.6129788897576232,"Census Tract 47, San Juan Municipio, Puerto Rico",94.14,70,4351.0,2570.0,780474.0,0.8409354464630846,0.8409354464630846,0.9311594202898551,1.0,true
72127004800,San Juan,257,27,1,0,14,14,0,6.287440562243075e-08,0.0,0.0,0.054474708171206226,54.474708171206224,0.054474708171206226,54.474708171206224,232.39169596294963,241.3656252339258,73.12220377558903,28.228785536502976,2024,2499.0,1429,1301,18,1283,1662,43,0,0,0,3188,1849,343,292,1006,0.013835511145272867,0.025872442839951864,0.5799874529485571,0.18550567874526772,0.15792320173066524,0.5440778799351,"Census Tract 48, San Juan Municipio, Puerto Rico",94.25,9,2516.0,1095.0,193249.0,1.0465890183028286,1.0465890183028286,0.9125,1.0,true
72127004900,San Juan,822,65,2,0,34,34,0,1.3555698389523208e-07,0.0,0.0,0.0413625304136253,41.3625304136253,0.0413625304136253,41.3625304136253,231.70913342767096,238.63639906468336,74.47232858599963,28.193078662924826,2024,13894.0,1614,1361,385,976,1917,255,132,0,8,2888,1674,393,268,705,0.2828802351212344,0.20605112154407929,0.5796398891966759,0.23476702508960573,0.16009557945041816,0.4211469534050179,"Census Tract 49, San Juan Municipio, Puerto Rico",97.07000000000001,26,3312.0,1536.0,659767.0,1.2039258451472192,1.2039258451472192,1.0520547945205478,1.0,true
72127005000,San Juan,1314,84,3,0,46,46,0,3.407931901651192e-07,0.0,0.0,0.0350076103500761,35.007610350076106,0.0350076103500761,35.007610350076106,229.43561810608207,229.53799374349538,78.97510241874915,28.074509723335858,2024,14406.0,2061,1593,600,993,2274,260,102,19,27,3187,1991,439,660,654,0.3766478342749529,0.17941952506596306,0.6247254471289614,0.22049221496735308,0.3314917127071823,0.32847815168257155,"Census Tract 50, San Juan Municipio, Puerto Rico",96.53,51,3925.0,2003.0,953626.0,0.922010805731736,0.922010805731736,1.026652998462327,1.0,true
72127005101,San Juan,938,54,3,0,18,18,0,9.111856397785259e-08,0.0,0.0,0.019189765458422176,19.189765458422176,0.019189765458422176,19.189765458422176,230.53586394113427,233.35710826490455,77.22578316968959,28.15940648204837,2024,28125.0,990,758,395,363,1339,264,35,19,21,1746,1016,215,433,176,0.521108179419525,0.25317401045556387,0.581901489117984,0.21161417322834647,0.42618110236220474,0.1732283464566929,"Census Tract 51.01, San Juan Municipio, Puerto Rico",62.36000000000001,25,1758.0,974.0,590986.0,1.0232828870779977,1.0232828870779977,1.0621592148309706,1.0,true
72127005102,San Juan,1084,69,2,0,31,31,0,3.94314732789088e-07,0.0,0.0,0.02859778597785978,28.59778597785978,0.02859778597785978,28.59778597785978,229.31811053087782,227.85505495397044,80.10026597208979,28.125522579556286,2024,24145.0,1054,827,510,317,1489,184,26,0,24,1816,1010,184,298,317,0.6166868198307134,0.15715245130960376,0.5561674008810573,0.18217821782178217,0.29504950495049503,0.31386138613861386,"Census Tract 51.02, San Juan Municipio, Puerto Rico",96.96000000000001,21,2101.0,1123.0,620379.0,1.255827854154214,1.255827854154214,1.2617977528089888,1.0,true
72127005103,San Juan,1081,80,2,0,50,50,0,4.2912205584513095e-07,0.0,0.0,0.04625346901017576,46.25346901017576,0.04625346901017576,46.25346901017576,229.17110953844076,228.45629759838093,79.51601182910157,28.0618061293778,2024,9104.0,1749,1496,406,1090,2049,256,39,0,0,3327,2085,526,311,930,0.2713903743315508,0.14397266959492436,0.6266907123534716,0.25227817745803355,0.14916067146282974,0.4460431654676259,"Census Tract 51.03, San Juan Municipio, Puerto Rico",98.48,16,2695.0,1463.0,707976.0,0.9409916201117319,0.9409916201117319,0.9669530733641771,1.0,true
72127005201,San Juan,1003,54,1,0,51,51,0,3.0647003541577283e-07,0.0,0.0,0.05084745762711865,50.847457627118644,0.05084745762711865,50.847457627118644,229.32464762029315,227.82831787647783,80.12624757609493,28.12835603071262,2024,28463.0,1123,936,577,359,1666,389,124,19,18,2119,1065,271,267,242,0.6164529914529915,0.33013205282112845,0.5025955639452572,0.2544600938967136,0.2507042253521127,0.2272300469483568,"Census Tract 52.01, San Juan Municipio, Puerto Rico",81.13,24,2085.0,1149.0,484756.0,0.8072009291521487,0.8072009291521487,0.9720812182741116,1.0,true
72127005202,San Juan,1206,63,1,0,42,42,0,2.486828469982311e-07,0.0,0.0,0.03482587064676617,34.82587064676617,0.03482587064676617,34.82587064676617,229.32464762029338,227.82831787647612,80.12624757609348,28.128356030712705,2024,38737.0,1363,1107,671,436,2528,594,188,24,0,3108,1826,561,350,371,0.6061427280939476,0.3188291139240506,0.5875160875160875,0.3072289156626506,0.19167579408543264,0.2031763417305586,"Census Tract 52.02, San Juan Municipio, Puerto Rico",45.01,21,2514.0,1352.0,545498.0,0.9874312647289867,0.9874312647289867,0.9825581395348837,1.0,true
72127005204,San Juan,959,75,1,0,32,32,0,3.9627365340571915e-07,0.0,0.0,0.03336809176225235,33.36809176225235,0.03336809176225235,33.36809176225235,229.32464762029298,227.82831787647726,80.1262475760947,28.12835603071266,2024,32083.0,897,726,450,276,1420,371,116,5,32,1754,1121,331,273,245,0.6198347107438017,0.36901408450704226,0.6391106043329533,0.2952720785013381,0.24353256021409456,0.21855486173059768,"Census Tract 52.04, San Juan Municipio, Puerto Rico",57.92,23,1733.0,854.0,682526.0,0.9092339979013642,0.9092339979013642,0.9252437703141928,1.0,true
72127005214,San Juan,805,63,1,0,48,48,0,3.2504349333126826e-07,0.0,0.0,0.05962732919254658,59.62732919254658,0.05962732919254658,59.62732919254658,229.32464762029318,227.8283178764785,80.12624757609554,28.12835603071263,2024,26307.0,2353,1942,1074,868,3018,633,13,66,55,4069,2496,772,478,816,0.553038105046344,0.2541418157720345,0.6134185303514377,0.3092948717948718,0.19150641025641027,0.3269230769230769,"Census Tract 52.14, San Juan Municipio, Puerto Rico",86.88,24,4832.0,2864.0,656806.0,1.359212376933896,1.359212376933896,1.2780008924587238,1.0,true
72127005215,San Juan,671,60,1,0,23,23,0,1.0621024124241054e-07,0.0,0.0,0.03427719821162444,34.277198211624444,0.03427719821162444,34.277198211624444,229.32464762029375,227.828317876481,80.12624757609541,28.128356030712553,2024,20573.0,1282,953,398,555,1525,326,136,0,0,2376,1178,196,309,457,0.4176285414480588,0.30295081967213117,0.4957912457912458,0.166383701188455,0.2623089983022071,0.38794567062818336,"Census Tract 52.15, San Juan Municipio, Puerto Rico",85.03,25,2309.0,1340.0,838558.0,1.011388523872098,1.011388523872098,1.057616416732439,1.0,true
72127005300,San Juan,1173,60,1,0,38,38,0,2.055402317832396e-07,0.0,0.0,0.03239556692242114,32.39556692242114,0.03239556692242114,32.39556692242114,229.32464762029392,227.82831787647874,80.12624757609504,28.128356030712535,2024,36402.0,1314,1031,670,361,1868,442,107,23,22,2562,1226,270,337,259,0.6498545101842871,0.31798715203426126,0.4785323965651834,0.22022838499184338,0.27487765089722677,0.21125611745513867,"Census Tract 53, San Juan Municipio, Puerto Rico",46.96,32,2322.0,1237.0,533217.0,0.9670970428987922,0.9670970428987922,1.0214698596201486,1.0,true
72127005402,San Juan,110,17,1,0,23,23,0,1.0298171761166759e-07,0.0,0.0,0.20909090909090908,209.0909090909091,0.20909090909090908,209.0909090909091,229.3246476202949,227.8283178764805,80.12624757609477,28.128356030712318,2024,2499.0,752,563,35,528,614,0,0,0,9,855,627,90,82,364,0.06216696269982238,0.014657980456026058,0.7333333333333333,0.14354066985645933,0.13078149920255183,0.580542264752791,"Census Tract 54.02, San Juan Municipio, Puerto Rico",87.64,4,1204.0,686.0,155683.0,0.8252227553118574,0.8252227553118574,0.9621318373071529,1.0,true
72127005403,San Juan,1183,136,4,0,95,95,0,5.806360098205452e-07,0.0,0.0,0.08030431107354184,80.30431107354184,0.08030431107354184,80.30431107354184,225.8575148616077,222.54863567656773,80.85533366034926,27.914592448605298,2024,24407.0,2975,2686,1563,1123,4115,1244,420,199,149,5505,3239,1169,606,494,0.5819061801935964,0.48894289185905226,0.5883742052679383,0.36091386230318,0.18709478234022847,0.15251620870639085,"Census Tract 54.03, San Juan Municipio, Puerto Rico",51.629999999999995,32,5699.0,2921.0,1887845.0,1.0672284644194756,1.0672284644194756,1.132170542635659,1.0,true
72127005404,San Juan,999,99,2,0,66,66,0,3.2062070709747676e-07,0.0,0.0,0.06606606606606606,66.06606606606607,0.06606606606606606,66.06606606606607,226.2099678719195,223.10221075259045,80.75037409184895,27.933422792585887,2024,50781.0,772,645,484,161,1712,698,132,58,0,2151,873,296,151,32,0.7503875968992249,0.5186915887850467,0.40585774058577406,0.33906071019473083,0.1729667812142039,0.03665521191294387,"Census Tract 54.04, San Juan Municipio, Puerto Rico",31.669999999999998,30,2062.0,838.0,926328.0,0.9047827994734533,0.9047827994734533,1.062103929024081,1.0,true
72127005405,San Juan,1556,140,2,0,104,104,0,6.849119254300427e-07,0.0,0.0,0.06683804627249357,66.83804627249357,0.06683804627249357,66.83804627249357,226.88799089463964,224.13101939319174,80.61451031741262,27.97585708247136,2024,39891.0,2571,2098,1372,726,3607,1196,422,258,19,4885,2507,370,609,520,0.6539561487130601,0.5253673412808428,0.5132036847492324,0.14758675708017552,0.24291982449142402,0.20741922616673314,"Census Tract 54.05, San Juan Municipio, Puerto Rico",71.15,26,5208.0,2419.0,1373656.0,1.3583724569640063,1.3583724569640063,1.1437352245862884,1.0,true
72127005500,San Juan,1786,118,3,0,37,37,0,1.882966389023592e-07,0.0,0.0,0.020716685330347144,20.716685330347143,0.020716685330347144,20.716685330347143,228.64179969879908,227.31172231179337,79.88743175957639,28.05234848298877,2024,26827.0,2523,1986,830,1156,3424,550,280,59,57,4019,2283,402,544,772,0.4179254783484391,0.276285046728972,0.5680517541677034,0.17608409986859397,0.23828296101620675,0.3381515549715287,"Census Tract 55, San Juan Municipio, Puerto Rico",81.89,37,4641.0,2646.0,1130229.0,1.2492597577388964,1.2492597577388964,1.1989125509741732,1.0,true
72127005601,San Juan,1105,75,2,0,62,62,0,3.2649510405841234e-07,0.0,0.0,0.056108597285067875,56.10859728506787,0.056108597285067875,56.10859728506787,229.1363216691889,228.4050507205161,79.51958400031876,28.06015067853056,2024,39746.0,1594,1282,762,520,2478,810,130,76,105,3026,1793,697,348,269,0.594383775351014,0.4523809523809524,0.592531394580304,0.38873396542108196,0.19408812046848856,0.15002788622420524,"Census Tract 56.01, San Juan Municipio, Puerto Rico",72.56,22,2696.0,1540.0,658089.0,1.0196671709531013,1.0196671709531013,1.023936170212766,1.0,true
72127005602,San Juan,790,71,1,0,26,26,0,1.6991699807634739e-07,0.0,0.0,0.03291139240506329,32.91139240506329,0.03291139240506329,32.91139240506329,229.1671763997185,228.4723843654509,79.5003796040837,28.060101340633896,2024,21667.0,2028,1570,765,805,2455,501,348,52,67,3097,1788,484,248,664,0.4872611464968153,0.39429735234215885,0.5773329028091702,0.27069351230425054,0.13870246085011187,0.3713646532438479,"Census Tract 56.02, San Juan Municipio, Puerto Rico",93.28,27,3706.0,1993.0,620918.0,1.070479491623339,1.070479491623339,1.0132180986273513,1.0,true
72127005800,San Juan,1015,136,4,0,39,39,0,2.0642339891968067e-07,0.0,0.0,0.03842364532019704,38.423645320197046,0.03842364532019704,38.423645320197046,230.7116468999593,232.51990993395196,78.0416435504297,28.12806724615374,2024,32202.0,1442,1163,685,478,1793,514,286,107,41,2468,1604,291,505,252,0.588993981083405,0.5287228109313998,0.6499189627228525,0.1814214463840399,0.31483790523690774,0.1571072319201995,"Census Tract 58, San Juan Municipio, Puerto Rico",43.169999999999995,44,2242.0,1290.0,1488996.0,0.871017871017871,0.871017871017871,0.8884297520661157,1.0,true
72127005900,San Juan,522,29,2,0,17,17,0,1.2309336658951392e-07,0.0,0.0,0.032567049808429116,32.56704980842912,0.032567049808429116,32.56704980842912,232.40173185604024,241.33147576678132,73.15797484256498,28.22826267121293,2024,31250.0,1048,784,493,291,1408,351,62,15,0,1804,1078,375,212,315,0.6288265306122449,0.3039772727272727,0.5975609756097561,0.34786641929499074,0.19666048237476808,0.2922077922077922,"Census Tract 59, San Juan Municipio, Puerto Rico",41.870000000000005,16,1550.0,878.0,226036.0,1.1645379413974455,1.1645379413974455,0.9932126696832579,1.0,true
72127006000,San Juan,447,38,2,0,7,7,0,1.4000099209464303e-08,0.0,0.0,0.015659955257270694,15.659955257270694,0.015659955257270694,15.659955257270694,233.0831622611925,239.01274986671322,75.5868062827737,28.192760468935273,2024,17072.0,1162,823,384,439,1241,136,27,0,0,1573,1011,164,171,537,0.4665856622114216,0.1313456889605157,0.6427209154481882,0.16221562809099901,0.16913946587537093,0.5311572700296736,"Census Tract 60, San Juan Municipio, Puerto Rico",85.79,16,1617.0,1106.0,328672.0,0.9596439169139466,0.9596439169139466,1.0250231696014829,1.0,true
72127006101,San Juan,389,60,1,8,26,29,5,2.0435285247190751e-07,0.02056555269922879,20.565552699228792,0.06683804627249357,66.83804627249357,0.07455012853470437,74.55012853470437,233.43944320130248,237.8004208639455,76.85670316783113,28.174198400222462,2024,11314.0,2565,1619,544,1075,2152,300,145,21,30,2569,1397,285,270,682,0.33600988264360715,0.23048327137546468,0.543791358505255,0.2040085898353615,0.19327129563350035,0.4881889763779528,"Census Tract 61.01, San Juan Municipio, Puerto Rico",99.35000000000001,13,3550.0,2263.0,563245.0,1.051228901391768,1.051228901391768,0.9448851774530271,1.0,true
72127006102,San Juan,740,60,2,6,23,26,3,1.2489832621980468e-07,0.008108108108108109,8.108108108108109,0.031081081081081083,31.08108108108108,0.03513513513513514,35.13513513513514,233.04096943198456,236.93058263722958,77.1038839965221,28.1682988951623,2024,20556.0,843,554,190,364,932,314,77,35,0,1049,586,147,133,157,0.34296028880866425,0.4570815450643777,0.5586272640610105,0.2508532423208191,0.22696245733788395,0.26791808873720135,"Census Tract 61.02, San Juan Municipio, Puerto Rico",86.98,17,1227.0,825.0,675932.0,0.9839615076182838,0.9839615076182838,0.972877358490566,1.0,true
72127006200,San Juan,901,35,1,11,5,15,1,2.1160679808546434e-08,0.01220865704772475,12.208657047724751,0.005549389567147614,5.549389567147614,0.016648168701442843,16.64816870144284,233.43944320129978,237.80042086394093,76.8567031678315,28.174198400222174,2024,13956.0,1148,781,289,492,1184,134,54,0,0,1584,847,165,228,426,0.3700384122919334,0.15878378378378377,0.5347222222222222,0.19480519480519481,0.269185360094451,0.5029515938606848,"Census Tract 62, San Juan Municipio, Puerto Rico",97.50999999999999,26,1634.0,1082.0,264294.0,0.8973091707852828,0.8973091707852828,0.8868852459016393,1.0,true
72127006301,San Juan,1045,68,1,57,73,97,33,6.251083618778752e-07,0.05454545454545454,54.54545454545455,0.06985645933014355,69.85645933014354,0.09282296650717703,92.82296650717703,233.43944320129876,237.80042086393976,76.85670316783059,28.174198400222142,2024,30208.0,1580,1180,533,647,2680,663,329,77,32,3172,1848,454,221,388,0.4516949152542373,0.41082089552238804,0.5825977301387137,0.24567099567099568,0.11958874458874459,0.20995670995670995,"Census Tract 63.01, San Juan Municipio, Puerto Rico",44.36,51,2631.0,1598.0,595037.0,1.011534025374856,1.011534025374856,1.1229796205200282,1.0,true
72127006302,San Juan,486,53,1,32,41,48,25,7.789941368635389e-07,0.06584362139917696,65.84362139917695,0.08436213991769548,84.36213991769547,0.09876543209876543,98.76543209876543,233.43944320130348,237.80042086394582,76.85670316783137,28.17419840022235,2024,35774.0,2120,1687,851,836,2530,908,488,173,52,3080,1672,630,304,90,0.5044457617071725,0.6407114624505929,0.5428571428571428,0.37679425837320574,0.18181818181818182,0.05382775119617225,"Census Tract 63.02, San Juan Municipio, Puerto Rico",31.56,32,2870.0,1973.0,461502.0,0.9845626072041166,0.9845626072041166,0.9884769539078156,1.0,true
72127006500,San Juan,1102,72,2,112,57,131,38,4.848934705494199e-07,0.10163339382940109,101.63339382940109,0.05172413793103448,51.724137931034484,0.11887477313974591,118.87477313974591,233.74444642215713,239.96741320470932,75.51729676716226,28.17331162358469,2024,42634.0,1128,685,358,327,1267,414,199,51,58,1458,966,339,135,150,0.5226277372262774,0.5698500394632992,0.6625514403292181,0.35093167701863354,0.13975155279503104,0.15527950310559005,"Census Tract 65, San Juan Municipio, Puerto Rico",30.04,48,1601.0,1105.0,699863.0,1.1071922544951591,1.1071922544951591,0.9200666111573689,1.0,true
72127006600,San Juan,420,44,2,8,20,20,8,1.2010103695099798e-07,0.01904761904761905,19.047619047619047,0.047619047619047616,47.61904761904762,0.047619047619047616,47.61904761904762,227.41916866987802,224.6586149886908,80.59119352129554,28.085066711275726,2024,17765.0,1343,905,276,629,1296,344,269,46,13,1816,1242,545,212,43,0.30497237569060776,0.5185185185185185,0.683920704845815,0.4388083735909823,0.1706924315619968,0.03462157809983897,"Census Tract 66, San Juan Municipio, Puerto Rico",58.35,28,2045.0,1218.0,488698.0,0.9733460257020466,0.9733460257020466,0.84,1.0,true
72127006701,San Juan,927,64,4,133,70,146,57,4.000090455522137e-07,0.14347357065803668,143.47357065803666,0.07551240560949299,75.51240560949299,0.1574973031283711,157.4973031283711,232.84681759736293,237.8760401379896,76.28871465131667,28.1675354773839,2024,71667.0,1112,840,566,274,1680,743,254,164,178,1903,1119,399,96,21,0.6738095238095239,0.7970238095238096,0.5880189174986863,0.35656836461126007,0.08579088471849866,0.01876675603217158,"Census Tract 67.01, San Juan Municipio, Puerto Rico",11.28,26,1815.0,1113.0,556462.0,0.8614143331751305,0.8614143331751305,0.9221209610604806,1.0,true
72127006702,San Juan,407,41,3,14,18,19,13,1.7391441269476103e-07,0.0343980343980344,34.3980343980344,0.044226044226044224,44.22604422604422,0.04668304668304668,46.68304668304668,226.3698346873251,222.65765195495263,81.1947219423551,28.079310074985017,2024,37212.0,1949,1217,574,643,1508,575,173,177,95,1763,972,543,0,51,0.47165160230073955,0.6763925729442971,0.551332955190017,0.558641975308642,0.0,0.05246913580246913,"Census Tract 67.02, San Juan Municipio, Puerto Rico",14.430000000000001,13,2341.0,1798.0,354154.0,1.1303718010622887,1.1303718010622887,0.9835886214442013,1.0,true
72127006800,San Juan,1353,89,2,140,68,168,40,2.868830675125918e-07,0.10347376201034737,103.47376201034737,0.05025868440502587,50.25868440502587,0.12416851441241686,124.16851441241685,233.74929978368436,240.69861414995538,74.98095843414454,28.17195564275554,2024,36381.0,3569,3094,1617,1477,4783,1617,450,671,228,6015,3306,1376,503,100,0.5226244343891403,0.6201128998536484,0.5496259351620948,0.4162129461584997,0.15214761040532365,0.030248033877797943,"Census Tract 68, San Juan Municipio, Puerto Rico",20.169999999999998,66,5427.0,3383.0,873857.0,1.3023758099352052,1.3023758099352052,1.0912903225806452,1.0,true
72127006900,San Juan,1230,60,4,122,25,132,15,1.0646713889725266e-07,0.0991869918699187,99.1869918699187,0.02032520325203252,20.32520325203252,0.1073170731707317,107.3170731707317,231.2401586946234,235.066916004851,76.97326922494294,28.146990394567847,2024,28714.0,1365,1032,492,540,1616,356,115,64,25,2036,1272,275,328,337,0.47674418604651164,0.3465346534653465,0.6247544204322201,0.21619496855345913,0.2578616352201258,0.264937106918239,"Census Tract 69, San Juan Municipio, Puerto Rico",38.83,39,2297.0,1351.0,538055.0,0.7697721179624665,0.7697721179624665,0.8888157894736842,1.0,true
72127007004,San Juan,1445,182,3,122,42,138,26,6.056629115638025e-07,0.08442906574394464,84.42906574394463,0.02906574394463668,29.06574394463668,0.09550173010380623,95.50173010380622,232.23845440430344,237.8612172018094,75.72177477299363,28.1174861004062,2024,17279.0,1212,932,375,557,1579,422,35,18,0,1936,1232,343,174,403,0.40236051502145925,0.30082330588980366,0.6363636363636364,0.2784090909090909,0.14123376623376624,0.32711038961038963,"Census Tract 70.04, San Juan Municipio, Puerto Rico",65.18,51,2104.0,1234.0,3838885.0,1.169538632573652,1.169538632573652,1.0583190394511148,1.0,true
72127007100,San Juan,904,68,1,90,28,102,16,3.5301845624930676e-07,0.09955752212389381,99.5575221238938,0.030973451327433628,30.97345132743363,0.11283185840707964,112.83185840707965,232.12056019840415,237.63928268440182,75.78121261660468,28.116841575502793,2024,29634.0,1010,836,408,428,1489,232,75,20,34,1939,1182,337,264,343,0.4880382775119617,0.24244459368703827,0.6095925734914904,0.28510998307952623,0.2233502538071066,0.29018612521150594,"Census Tract 71, San Juan Municipio, Puerto Rico",62.260000000000005,21,1567.0,899.0,624358.0,0.8424731182795699,0.8424731182795699,0.9782372143634385,1.0,true
72127007300,San Juan,1458,109,2,171,47,185,33,4.324068696728051e-07,0.11728395061728394,117.28395061728395,0.03223593964334705,32.23593964334705,0.12688614540466392,126.88614540466392,228.86419996926233,230.32349937670838,78.4418882137978,28.058222261899864,2024,35425.0,2292,1828,1026,802,3267,1052,297,46,45,3802,2179,668,192,577,0.5612691466083151,0.44077134986225897,0.5731194108364019,0.3065626434144103,0.08811381367599816,0.26480036714089034,"Census Tract 73, San Juan Municipio, Puerto Rico",26.57,50,3251.0,2066.0,1171138.0,1.00556758428704,1.00556758428704,0.974068835454974,1.0,true
72127007400,San Juan,839,45,2,95,28,104,19,1.9029232148900532e-07,0.11323003575685339,113.2300357568534,0.033373063170441,33.373063170441,0.12395709177592372,123.95709177592371,231.15659245266122,235.47361959825386,76.56884214070466,28.09948872642788,2024,29142.0,912,699,357,342,1071,242,45,7,0,1439,793,214,226,266,0.5107296137339056,0.27450980392156865,0.5510771369006254,0.2698612862547289,0.2849936948297604,0.3354350567465322,"Census Tract 74, San Juan Municipio, Puerto Rico",37.2,16,1635.0,907.0,325485.0,0.749656121045392,0.749656121045392,0.8500468603561387,1.0,true
72127007500,San Juan,781,55,3,92,22,98,16,1.1029560170494941e-07,0.117797695262484,117.797695262484,0.028169014084507043,28.169014084507044,0.12548015364916773,125.48015364916773,227.19862772964817,226.5283809903375,79.84073595733828,28.034037529001992,2024,20640.0,1001,788,374,414,1267,265,20,0,11,1890,1108,141,255,502,0.4746192893401015,0.23362273086029992,0.5862433862433862,0.1272563176895307,0.23014440433212996,0.45306859205776173,"Census Tract 75, San Juan Municipio, Puerto Rico",63.12,26,1743.0,904.0,577149.0,0.9173684210526316,0.9173684210526316,0.9367875647668393,1.0,true
72127007600,San Juan,1032,53,2,129,27,138,18,1.121666749542909e-07,0.125,125.0,0.02616279069767442,26.162790697674417,0.13372093023255813,133.72093023255815,227.1295924283942,225.92762330665377,80.21499448009739,28.081346333358404,2024,24013.0,1127,821,471,350,1679,185,86,0,1,2178,1339,157,406,550,0.5736906211936662,0.1620011911852293,0.6147842056932966,0.11725168035847648,0.3032113517550411,0.4107542942494399,"Census Tract 76, San Juan Municipio, Puerto Rico",66.59,30,2071.0,1110.0,423903.0,0.7656192236598891,0.7656192236598891,0.9273182957393483,1.0,true
72127007700,San Juan,1312,57,1,134,36,149,21,1.6486886976577733e-07,0.10213414634146341,102.13414634146342,0.027439024390243903,27.4390243902439,0.11356707317073171,113.5670731707317,227.1281593423713,226.4232868246553,79.8603556457384,28.026970955910095,2024,27759.0,1230,947,549,398,1760,517,76,0,18,2194,1392,172,350,452,0.5797254487856388,0.3471590909090909,0.6344576116681859,0.1235632183908046,0.2514367816091954,0.32471264367816094,"Census Tract 77, San Juan Municipio, Puerto Rico",49.78,27,2629.0,1381.0,479802.0,1.2578947368421052,1.2578947368421052,1.0590490797546013,1.0,true
72127007800,San Juan,1562,95,2,205,55,219,41,3.1081147111688833e-07,0.13124199743918052,131.24199743918055,0.035211267605633804,35.2112676056338,0.14020486555697823,140.20486555697823,227.02185885414832,226.19212670385542,79.92222972827899,28.02574605027861,2024,24128.0,2731,2517,1138,1379,3966,498,252,0,60,5003,3001,708,731,1163,0.45212554628526025,0.2042360060514372,0.5998400959424346,0.23592135954681773,0.24358547150949683,0.3875374875041653,"Census Tract 78, San Juan Municipio, Puerto Rico",93.49,49,4780.0,2522.0,983466.0,0.9516225363328688,0.9516225363328688,0.9484768710041369,1.0,true
72127007900,San Juan,1347,108,2,188,68,202,54,6.719627806162724e-07,0.13956941351150706,139.56941351150707,0.050482553823311065,50.482553823311065,0.14996288047512993,149.9628804751299,226.87513651809314,225.87306558295052,80.00763206351697,28.024055361754236,2024,46283.0,1429,1143,822,321,1917,948,213,9,49,2611,1147,291,121,87,0.7191601049868767,0.6358894105372979,0.4392952891612409,0.25370531822144726,0.1054925893635571,0.07585004359197908,"Census Tract 79, San Juan Municipio, Puerto Rico",21.37,40,2505.0,1424.0,1105790.0,1.0605419136325147,1.0605419136325147,1.022254127781766,1.0,true
72127008001,San Juan,1027,74,2,1,42,42,1,2.2820058321857562e-07,0.0009737098344693282,0.9737098344693281,0.04089581304771178,40.89581304771178,0.04089581304771178,40.89581304771178,218.44019587063684,207.53051672403413,84.91733871260773,27.926859135578262,2024,20791.0,2199,1796,822,974,2797,890,291,148,22,3715,2420,993,413,379,0.4576837416481069,0.48301751877011084,0.6514131897711979,0.4103305785123967,0.1706611570247934,0.15661157024793387,"Census Tract 80.01, San Juan Municipio, Puerto Rico",87.2,22,3656.0,1912.0,722148.0,1.0342291371994343,1.0342291371994343,1.0175625332623737,1.0,true
72127008002,San Juan,962,59,1,0,29,29,0,1.469997046034391e-07,0.0,0.0,0.030145530145530147,30.145530145530145,0.030145530145530147,30.145530145530145,218.38914025767897,207.41949163039683,84.94705653670266,27.92627081929815,2024,22891.0,2113,1750,852,898,2836,769,236,115,26,3941,2150,629,490,679,0.4868571428571429,0.40409026798307474,0.5455468155290535,0.29255813953488374,0.22790697674418606,0.3158139534883721,"Census Tract 80.02, San Juan Municipio, Puerto Rico",81.45,21,3719.0,1782.0,493976.0,1.1055291319857312,1.1055291319857312,0.9524318546231961,1.0,true
72127008100,San Juan,1137,87,1,0,61,61,0,4.2301212500123906e-07,0.0,0.0,0.05364995602462621,53.649956024626206,0.05364995602462621,53.649956024626206,218.38914025767784,207.41949163039683,84.94705653670343,27.926270819298153,2024,51183.0,1152,907,582,325,1815,519,252,46,32,2301,1199,342,176,239,0.6416758544652701,0.4677685950413223,0.5210777922642329,0.28523769808173477,0.14678899082568808,0.1993327773144287,"Census Tract 81, San Juan Municipio, Puerto Rico",8.03,31,2158.0,1110.0,727613.0,1.1876719867914145,1.1876719867914145,0.9053833605220228,1.0,true
72127008201,San Juan,183,27,1,4,12,16,0,4.058291326522718e-08,0.02185792349726776,21.85792349726776,0.06557377049180328,65.57377049180327,0.08743169398907104,87.43169398907104,227.12815934237284,226.42328682464782,79.86035564573882,28.02697095590982,2024,9201.0,1156,1079,0,1079,1150,40,16,0,0,2071,1289,19,292,853,0.0,0.04869565217391304,0.6224046354418156,0.01474010861132661,0.2265321955003879,0.6617532971295578,"Census Tract 82.01, San Juan Municipio, Puerto Rico",96.64,9,2225.0,1140.0,260174.0,1.5003371544167228,1.5003371544167228,1.1924686192468619,1.0,true
72127008202,San Juan,968,83,2,9,32,39,2,1.5029937257378826e-07,0.009297520661157025,9.297520661157025,0.03305785123966942,33.05785123966942,0.040289256198347105,40.289256198347104,219.5447130292083,209.93239016848082,84.27443493128575,27.939586539841947,2024,24875.0,1464,1247,600,647,1873,374,216,110,141,2619,1432,281,333,442,0.48115477145148355,0.44901227976508273,0.5467735777014128,0.1962290502793296,0.2325418994413408,0.308659217877095,"Census Tract 82.02, San Juan Municipio, Puerto Rico",55.53,28,2751.0,1485.0,776016.0,0.9306495263870095,0.9306495263870095,1.0185185185185186,1.0,true
72127008300,San Juan,1127,55,1,139,41,155,25,1.5631932871300323e-07,0.1233362910381544,123.33629103815439,0.03637976929902396,36.379769299023955,0.13753327417923691,137.5332741792369,227.128159342369,226.42328682465416,79.86035564573841,28.026970955910418,2024,24130.0,1258,980,480,500,1766,451,79,0,47,2435,1467,244,490,471,0.4897959183673469,0.32672706681766706,0.6024640657084189,0.1663258350374915,0.3340149965916837,0.3210633946830266,"Census Tract 83, San Juan Municipio, Puerto Rico",91.64999999999999,27,2066.0,1142.0,425409.0,0.8463744367062679,0.8463744367062679,0.8777863182167563,1.0,true
72127008400,San Juan,1807,171,4,181,55,211,25,7.596662285940439e-07,0.10016602102933038,100.16602102933038,0.030437188710570006,30.437188710570005,0.11676812396236856,116.76812396236856,226.78650574765547,225.37579911055903,80.26679644387303,28.0597851627088,2024,34127.0,1819,1282,634,648,2589,748,300,47,0,3174,1845,443,259,713,0.49453978159126366,0.42294322132097334,0.5812854442344045,0.24010840108401085,0.14037940379403793,0.386449864498645,"Census Tract 84, San Juan Municipio, Puerto Rico",53.25,52,3851.0,1882.0,2027414.0,0.9478218065468865,0.9478218065468865,1.0042689434364995,1.0,true
72127008500,San Juan,1245,77,2,159,48,175,32,3.4966216303721824e-07,0.12771084337349398,127.71084337349397,0.03855421686746988,38.55421686746988,0.14056224899598393,140.56224899598394,227.13082069099173,225.50280236136598,80.51894665607462,28.127950124860124,2024,17342.0,2530,2084,712,1372,3179,796,319,94,38,4222,2530,866,473,551,0.3416506717850288,0.39226171752123307,0.5992420653718616,0.3422924901185771,0.18695652173913044,0.21778656126482213,"Census Tract 85, San Juan Municipio, Puerto Rico",71.58,47,3873.0,2445.0,771184.0,1.2144873000940735,1.2144873000940735,1.1324687355257064,1.0,true
72127008601,San Juan,792,75,2,76,74,106,44,5.30994857045548e-07,0.09595959595959595,95.95959595959596,0.09343434343434344,93.43434343434343,0.13383838383838384,133.83838383838383,226.7778172419941,224.2307121404001,80.82997738406122,28.108391083728527,2024,43088.0,1337,1026,587,439,1729,655,363,147,106,2131,1175,382,163,147,0.5721247563352827,0.735106998264893,0.5513843266072267,0.3251063829787234,0.13872340425531915,0.1251063829787234,"Census Tract 86.01, San Juan Municipio, Puerto Rico",12.690000000000001,33,1869.0,1179.0,749021.0,1.179179810725552,1.179179810725552,1.0146299483648882,1.0,true
72127008602,San Juan,1021,101,2,18,59,66,11,3.349752101044092e-07,0.01762977473065622,17.62977473065622,0.05778648383937316,57.78648383937316,0.06464250734573947,64.64250734573947,226.86794882759577,224.97819360875155,80.62871014937315,28.123458967501495,2024,31358.0,2141,1622,816,806,2885,1051,477,124,35,3330,1743,657,274,86,0.5030826140567201,0.5847487001733103,0.5234234234234234,0.3769363166953528,0.1572002294893861,0.04934021801491681,"Census Tract 86.02, San Juan Municipio, Puerto Rico",13.34,36,3744.0,2351.0,1191627.0,1.1076923076923078,1.1076923076923078,1.2118556701030927,1.0,true
72127008603,San Juan,722,45,1,0,36,36,0,1.8731227541538162e-07,0.0,0.0,0.04986149584487535,49.86149584487535,0.04986149584487535,49.86149584487535,227.13087300250768,225.48470930066563,80.53189193391924,28.129934973390437,2024,36471.0,935,748,440,308,1161,414,154,35,44,1361,735,304,168,88,0.5882352941176471,0.5572782084409992,0.5400440852314474,0.41360544217687073,0.22857142857142856,0.11972789115646258,"Census Tract 86.03, San Juan Municipio, Puerto Rico",2.06,21,1538.0,859.0,376507.0,1.0884642604387826,1.0884642604387826,0.9306608884073673,1.0,true
72127008700,San Juan,473,29,1,18,25,30,13,1.5929085302182488e-07,0.03805496828752643,38.05496828752643,0.052854122621564484,52.854122621564485,0.06342494714587738,63.424947145877375,226.06767846894587,221.7084136697559,81.42954849860436,28.065057556614196,2024,16442.0,1560,788,88,700,830,223,156,25,25,1093,783,303,45,204,0.1116751269035533,0.516867469879518,0.716376944190302,0.38697318007662834,0.05747126436781609,0.26053639846743293,"Census Tract 87, San Juan Municipio, Puerto Rico",92.62,27,1634.0,1454.0,261799.0,0.7370320252593595,0.7370320252593595,0.8059866962305987,1.0,true
72127008900,San Juan,966,61,1,0,21,21,0,2.5408360944102726e-07,0.0,0.0,0.021739130434782608,21.73913043478261,0.021739130434782608,21.73913043478261,226.06767846894405,221.70841366975407,81.42954849860563,28.065057556614196,2024,13182.0,1878,912,206,706,1416,81,106,0,25,1723,1090,219,149,614,0.22587719298245615,0.1497175141242938,0.632617527568195,0.20091743119266056,0.13669724770642203,0.563302752293578,"Census Tract 89, San Juan Municipio, Puerto Rico",92.08,58,2049.0,1630.0,547379.0,1.0379939209726443,1.0379939209726443,0.8199195171026157,1.0,true
72127009000,San Juan,719,46,2,0,6,6,0,4.496138562063838e-08,0.0,0.0,0.008344923504867872,8.344923504867872,0.008344923504867872,8.344923504867872,228.1843036205572,226.32748127975063,80.11213274448816,28.061672991876588,2024,19881.0,1130,680,285,395,1321,195,35,29,0,1775,1013,186,232,431,0.41911764705882354,0.19606358819076458,0.5707042253521126,0.18361303060217177,0.22902270483711748,0.42546890424481737,"Census Tract 90, San Juan Municipio, Puerto Rico",99.67,24,1641.0,1058.0,360851.0,0.7438803263825929,0.7438803263825929,0.9184027777777778,1.0,true
72127009111,San Juan,450,42,2,0,16,16,0,9.522829596696692e-08,0.0,0.0,0.035555555555555556,35.55555555555556,0.035555555555555556,35.55555555555556,228.74702223576625,227.55549056003474,79.76188916534092,28.06077318324452,2024,29549.0,2028,1488,822,666,1934,548,403,76,58,2376,1400,443,264,282,0.5524193548387096,0.5610134436401241,0.5892255892255892,0.31642857142857145,0.18857142857142858,0.20142857142857143,"Census Tract 91.11, San Juan Municipio, Puerto Rico",33.08,14,3208.0,2168.0,368116.0,1.225362872421696,1.225362872421696,1.1198347107438016,1.0,true
72127009112,San Juan,728,60,1,0,56,56,0,3.025050816009076e-07,0.0,0.0,0.07692307692307693,76.92307692307692,0.07692307692307693,76.92307692307692,224.0276244568514,219.48970867241312,81.51302597410594,27.826626402656988,2024,24468.0,2403,1954,1052,902,2782,599,297,19,43,3553,2058,648,569,308,0.5383828045035824,0.3443565780014378,0.5792288207148888,0.31486880466472306,0.27648202137998057,0.14965986394557823,"Census Tract 91.12, San Juan Municipio, Puerto Rico",73.64,16,3883.0,2257.0,554767.0,1.3440636898580824,1.3440636898580824,1.2160560344827587,1.0,true
72127009121,San Juan,1578,112,4,1,90,90,1,5.899305744010188e-07,0.0006337135614702154,0.6337135614702155,0.057034220532319393,57.034220532319395,0.057034220532319393,57.034220532319395,226.56382517869756,223.71731522236513,80.61041807151562,27.97893759223009,2024,42356.0,1921,1492,1015,477,2846,982,380,160,136,3571,1976,651,299,320,0.6802949061662198,0.5825720309205903,0.5533464015681882,0.32945344129554655,0.1513157894736842,0.16194331983805668,"Census Tract 91.21, San Juan Municipio, Puerto Rico",31.45,32,3411.0,1850.0,1159329.0,1.108547286317842,1.108547286317842,1.0755813953488371,1.0,true
72127009122,San Juan,1412,137,2,0,105,105,0,6.035796108742621e-07,0.0,0.0,0.07436260623229461,74.36260623229462,0.07436260623229461,74.36260623229462,223.787222393713,219.17153555772376,81.48988297379714,27.85592975341995,2024,26042.0,2921,2538,1424,1114,4278,1386,420,81,112,5424,3033,861,480,867,0.5610717100078803,0.4672744273024778,0.5591814159292036,0.2838773491592483,0.1582591493570722,0.2858555885262117,"Census Tract 91.22, San Juan Municipio, Puerto Rico",17.03,29,6048.0,2826.0,1730695.0,1.1586206896551725,1.1586206896551725,1.125448028673835,1.0,true
72127009123,San Juan,1064,68,2,0,93,93,0,6.791170453611979e-07,0.0,0.0,0.08740601503759399,87.40601503759399,0.08740601503759399,87.40601503759399,223.8720974266243,219.2838680112349,81.49805371446045,27.8455840732372,2024,44167.0,1081,964,807,157,1968,746,186,43,104,2344,1214,446,218,48,0.8371369294605809,0.5482723577235772,0.5179180887372014,0.3673805601317957,0.17957166392092258,0.039538714991762765,"Census Tract 91.23, San Juan Municipio, Puerto Rico",6.069999999999999,29,2069.0,966.0,585422.0,0.9677268475210478,0.9677268475210478,0.9182509505703422,1.0,true
72127009300,San Juan,1318,84,2,0,25,25,0,1.2867067517285877e-07,0.0,0.0,0.01896813353566009,18.96813353566009,0.01896813353566009,18.96813353566009,225.73830370703195,221.32361083119008,81.4275684213127,28.053465586492706,2024,16639.0,1619,1104,516,588,1790,317,151,0,28,2316,1215,248,187,539,0.4673913043478261,0.2770949720670391,0.5246113989637305,0.20411522633744855,0.15390946502057612,0.44362139917695476,"Census Tract 93, San Juan Municipio, Puerto Rico",97.94,57,2583.0,1422.0,922846.0,1.0474452554744527,1.0474452554744527,0.8429164196799052,1.0,true
72127009400,San Juan,849,69,3,0,25,25,0,9.697593752740209e-08,0.0,0.0,0.02944640753828033,29.44640753828033,0.02944640753828033,29.44640753828033,225.1923687237611,220.68599837063866,81.42439923509404,28.034055755050296,2024,30948.0,1099,692,435,257,1107,251,62,18,23,1475,800,158,235,335,0.6286127167630058,0.31978319783197834,0.5423728813559322,0.1975,0.29375,0.41875,"Census Tract 94, San Juan Municipio, Puerto Rico",63.56,27,1677.0,924.0,1108568.0,1.136178861788618,1.136178861788618,0.9486652977412731,1.0,true
72127009601,San Juan,987,112,4,0,67,67,0,5.509055679579043e-07,0.0,0.0,0.06788247213779129,67.88247213779128,0.06788247213779129,67.88247213779128,221.1563504335002,213.9714253604703,82.71575395182586,27.979584429200884,2024,71250.0,687,433,314,119,833,398,171,89,19,936,534,213,26,43,0.7251732101616628,0.8127250900360145,0.5705128205128205,0.398876404494382,0.04868913857677903,0.08052434456928839,"Census Tract 96.01, San Juan Municipio, Puerto Rico",29.07,42,1346.0,730.0,1164237.0,1.0837359098228663,1.0837359098228663,1.0518731988472623,1.0,true
72127009602,San Juan,1059,112,2,0,49,49,0,4.050081919527163e-07,0.0,0.0,0.04627006610009443,46.27006610009443,0.04627006610009443,46.27006610009443,220.75716869032544,213.2464464152114,82.89145638005171,27.96541666140346,2024,48889.0,1114,876,616,260,1470,527,227,54,86,1725,1034,394,180,125,0.7031963470319634,0.6081632653061224,0.5994202898550725,0.38104448742746616,0.17408123791102514,0.12088974854932302,"Census Tract 96.02, San Juan Municipio, Puerto Rico",20.5,31,1849.0,1044.0,1282599.0,1.1837387964148527,1.1837387964148527,1.079627714581179,1.0,true
72127009603,San Juan,1157,79,4,0,117,117,0,7.505130514935407e-07,0.0,0.0,0.10112359550561797,101.12359550561797,0.10112359550561797,101.12359550561797,220.67288658746145,213.2275089175904,82.88925914719056,27.940488891024668,2024,44211.0,1124,912,737,175,1617,639,324,99,33,1983,922,304,140,12,0.8081140350877193,0.6771799628942486,0.464952092788704,0.3297180043383948,0.15184381778741865,0.013015184381778741,"Census Tract 96.03, San Juan Municipio, Puerto Rico",3.36,40,2339.0,1136.0,749700.0,0.9488843813387424,0.9488843813387424,0.9450915141430949,1.0,true
72127009614,San Juan,756,64,2,0,76,76,0,5.243283926543169e-07,0.0,0.0,0.10052910052910052,100.52910052910053,0.10052910052910052,100.52910052910053,218.2385827482416,209.1742265300269,84.06029302688722,27.758381269966474,2024,58657.0,922,757,597,160,1451,562,287,138,71,1646,777,270,54,72,0.7886393659180978,0.7291523087525844,0.47205346294046174,0.3474903474903475,0.0694980694980695,0.09266409266409266,"Census Tract 96.14, San Juan Municipio, Puerto Rico",1.95,18,1814.0,866.0,729676.0,1.0061009428729895,1.0061009428729895,0.8909465020576132,1.0,true
72127009624,San Juan,1500,120,1,0,106,106,0,7.247513316618365e-07,0.0,0.0,0.07066666666666667,70.66666666666667,0.07066666666666667,70.66666666666667,218.22449035606795,209.15144099839856,84.06683308737726,27.75722283265372,2024,27984.0,2044,1752,865,887,2907,836,323,131,176,3838,1938,289,505,340,0.4937214611872146,0.5042999656002752,0.504950495049505,0.14912280701754385,0.26057791537667696,0.17543859649122806,"Census Tract 96.24, San Juan Municipio, Puerto Rico",39.26,60,4071.0,1936.0,1292771.0,1.06015625,1.06015625,0.9938398357289527,1.0,true
72127009800,San Juan,2314,267,3,0,181,181,0,1.375294495113326e-06,0.0,0.0,0.07821953327571306,78.21953327571305,0.07821953327571306,78.21953327571305,219.4911403459707,210.11746590157313,83.99700547546043,27.94555364784093,2024,65281.0,2409,2293,1515,778,4491,1548,388,678,359,5781,3599,1045,309,254,0.6607064980375055,0.6619906479625919,0.6225566510984258,0.2903584328980272,0.08585718255070852,0.07057515976660184,"Census Tract 98, San Juan Municipio, Puerto Rico",1.41,71,5325.0,2392.0,2899787.0,1.021288837744534,1.021288837744534,1.078449053201082,1.0,true
72127009901,San Juan,1210,114,2,0,110,110,0,6.777894381014336e-07,0.0,0.0,0.09090909090909091,90.9090909090909,0.09090909090909091,90.9090909090909,218.36355828949567,207.68858789583777,84.81029454622953,27.900005512282295,2024,52639.0,1733,1445,896,549,2486,720,393,251,127,3319,1555,545,68,250,0.6200692041522491,0.5997586484312148,0.4685146128351913,0.3504823151125402,0.04372990353697749,0.1607717041800643,"Census Tract 99.01, San Juan Municipio, Puerto Rico",37.74,37,3492.0,1613.0,1123274.0,1.175361831033322,1.175361831033322,1.101023890784983,1.0,true
72127009902,San Juan,2049,205,3,0,65,65,0,3.914781367322472e-07,0.0,0.0,0.0317227916056613,31.7227916056613,0.0317227916056613,31.7227916056613,218.4083789252131,212.19052927267023,81.73079109311439,27.546494907453067,2024,45533.0,2093,1765,1226,539,3363,842,215,28,166,4537,2716,547,677,821,0.6946175637393768,0.3719892952720785,0.5986334582323121,0.20139911634756996,0.24926362297496318,0.3022827687776141,"Census Tract 99.02, San Juan Municipio, Puerto Rico",11.5,35,4182.0,2029.0,2127205.0,0.980309423347398,0.980309423347398,0.9675727229375298,1.0,true
72127009903,San Juan,2206,222,3,0,160,160,0,1.2162743042822666e-06,0.0,0.0,0.07252946509519492,72.52946509519492,0.07252946509519492,72.52946509519492,218.29112326073636,209.61248327377075,83.80917056293576,27.696906891028526,2024,62417.0,2086,1747,1598,149,3233,1278,545,298,144,3964,1981,425,85,273,0.9147109330280481,0.7005876894525209,0.49974772956609487,0.21453811206461385,0.042907622412922765,0.13780918727915195,"Census Tract 99.03, San Juan Municipio, Puerto Rico",5.3100000000000005,61,4927.0,2206.0,2354487.0,1.1795547043332535,1.1795547043332535,1.078201368523949,1.0,true
72127009904,San Juan,559,55,2,1,56,57,0,4.485006301665758e-07,0.0017889087656529517,1.7889087656529516,0.1001788908765653,100.17889087656529,0.10196779964221825,101.96779964221825,218.30377871809398,209.69789271444245,83.7622156769374,27.6855052144391,2024,70934.0,1137,927,820,107,1735,832,272,204,148,1959,1086,281,148,26,0.8845738942826321,0.839193083573487,0.554364471669219,0.2587476979742173,0.13627992633517497,0.02394106813996317,"Census Tract 99.04, San Juan Municipio, Puerto Rico",12.8,19,1977.0,1037.0,585802.0,1.0640473627556513,1.0640473627556513,0.9727954971857411,1.0,true
72127010002,San Juan,2014,207,4,0,232,232,0,2.132557004410868e-06,0.0,0.0,0.11519364448857994,115.19364448857993,0.11519364448857994,115.19364448857993,219.53527491595648,212.65534662169512,82.82595429567662,27.651166778550508,2024,85633.0,2440,2217,1776,441,3941,1724,1007,398,201,4925,2873,770,206,64,0.8010825439783491,0.84496320730779,0.5833502538071066,0.26801253045596934,0.07170205360250609,0.022276366167768884,"Census Tract 100.02, San Juan Municipio, Puerto Rico",1.3,31,5012.0,2258.0,2248104.0,1.163146901833372,1.163146901833372,1.1228244654400796,1.0,true
72127010012,San Juan,1892,162,3,0,147,147,0,9.112897906872018e-07,0.0,0.0,0.0776955602536998,77.69556025369978,0.0776955602536998,77.69556025369978,221.6186384307613,216.0642164736112,82.18303260828856,27.736804593787912,2024,57461.0,2723,2326,1608,718,4134,1410,573,147,267,5188,3045,1042,324,400,0.6913155631986242,0.5798258345428157,0.5869313801079414,0.342200328407225,0.10640394088669951,0.13136288998357964,"Census Tract 100.12, San Juan Municipio, Puerto Rico",12.04,51,5192.0,2482.0,1542442.0,1.0834724540901504,1.0834724540901504,0.9288922155688623,1.0,true
72127010022,San Juan,1452,175,2,0,117,117,0,9.044371092595273e-07,0.0,0.0,0.08057851239669421,80.57851239669421,0.08057851239669421,80.57851239669421,222.52176041305086,217.42644942622698,81.63515554901466,27.896621568980805,2024,55733.0,1611,1355,1006,349,2335,746,414,196,59,3076,1890,705,423,119,0.7424354243542436,0.6059957173447538,0.6144343302990898,0.373015873015873,0.22380952380952382,0.06296296296296296,"Census Tract 100.22, San Juan Municipio, Puerto Rico",2.4899999999999998,39,3241.0,1556.0,1832332.0,1.1751269035532994,1.1751269035532994,0.9974358974358974,1.0,true
72127010032,San Juan,1367,112,1,0,90,90,0,5.343624774665957e-07,0.0,0.0,0.06583760058522312,65.83760058522311,0.06583760058522312,65.83760058522311,221.12036294419576,215.35053212298257,82.34121659555267,27.70989280456625,2024,18396.0,2762,2330,977,1353,3741,898,252,138,63,4946,3259,970,309,1532,0.41931330472103007,0.3611333867949746,0.658916295996765,0.29763731205891375,0.09481436023320036,0.4700828474992329,"Census Tract 100.32, San Juan Municipio, Puerto Rico",80.91000000000001,29,5461.0,2493.0,1199838.0,1.1047946591138984,1.1047946591138984,1.0685812258894127,1.0,true
72127010043,San Juan,995,76,3,0,70,70,0,3.8417596362935105e-07,0.0,0.0,0.07035175879396985,70.35175879396985,0.07035175879396985,70.35175879396985,222.92207838512704,218.01789208526438,81.43383910704814,27.950260546921562,2024,59301.0,1019,851,673,178,1528,378,342,190,105,1832,981,177,122,60,0.790834312573443,0.6642670157068062,0.5354803493449781,0.18042813455657492,0.12436289500509684,0.06116207951070336,"Census Tract 100.43, San Juan Municipio, Puerto Rico",3.8,41,2192.0,1041.0,744679.0,0.9746554024010672,0.9746554024010672,1.0175953079178885,1.0,true
72127010044,San Juan,978,93,2,0,87,87,0,5.056761991765946e-07,0.0,0.0,0.08895705521472393,88.95705521472392,0.08895705521472393,88.95705521472392,220.9012478403889,214.88148023829976,82.47178471456616,27.71347401323523,2024,41440.0,2145,1727,1340,387,2791,772,534,259,180,3313,2129,744,168,228,0.7759119861030689,0.6252239340738087,0.6426199818895261,0.3494598403006106,0.07891028651949272,0.10709253170502583,"Census Tract 100.44, San Juan Municipio, Puerto Rico",21.69,13,4228.0,2065.0,937755.0,1.257210823669343,1.257210823669343,1.0914376321353065,1.0,true
72127010045,San Juan,2458,446,4,0,110,110,0,7.00318275077251e-07,0.0,0.0,0.044751830756712775,44.75183075671278,0.044751830756712775,44.75183075671278,221.17364710436976,218.20523434189943,80.45528294934849,27.303634529986166,2024,36913.0,1668,1390,1043,347,2710,496,77,275,46,3152,1710,573,99,464,0.7503597122302158,0.3298892988929889,0.5425126903553299,0.3350877192982456,0.05789473684210526,0.27134502923976606,"Census Tract 100.45, San Juan Municipio, Puerto Rico",10.09,29,3804.0,1697.0,6668964.0,1.271815446339017,1.271815446339017,0.9866279069767442,1.0,true
72127010046,San Juan,1789,273,3,0,60,60,0,3.199872859939517e-07,0.0,0.0,0.03353828954723309,33.53828954723309,0.03353828954723309,33.53828954723309,221.18534495073632,217.13549694423813,81.22837263337738,27.541524312969013,2024,27470.0,1981,1648,1167,481,3213,523,333,69,167,3892,2314,954,601,401,0.7081310679611651,0.33986928104575165,0.5945529290853032,0.41227312013828865,0.25972342264477094,0.17329299913569576,"Census Tract 100.46, San Juan Municipio, Puerto Rico",65.84,23,3592.0,1752.0,4013162.0,0.8167348794906776,0.8167348794906776,0.9035585353274884,1.0,true
72127010100,San Juan,4075,620,4,0,263,263,0,1.9595008031786622e-06,0.0,0.0,0.0645398773006135,64.5398773006135,0.0645398773006135,64.5398773006135,219.76981669872416,214.84763341618532,81.52002796690873,27.28782943579451,2024,63006.0,2944,2336,1889,447,4655,1590,470,333,411,6282,3769,1161,492,154,0.8086472602739726,0.6023630504833513,0.5999681630054123,0.30803926771026796,0.13053860440435128,0.04085964446802866,"Census Tract 101, San Juan Municipio, Puerto Rico",5.42,50,7645.0,3199.0,8509922.0,1.0652083043054201,1.0652083043054201,1.1228501228501229,1.0,true
72127010200,San Juan,3893,597,3,0,138,138,0,9.190764456320815e-07,0.0,0.0,0.0354482404315438,35.448240431543795,0.0354482404315438,35.448240431543795,219.58386721321978,215.12698130170958,80.91682172230495,27.321546720783896,2024,27346.0,2540,2136,1330,806,4118,824,212,24,128,5490,3044,781,510,1169,0.6226591760299626,0.28848955803788245,0.5544626593806922,0.25657030223390276,0.16754270696452037,0.3840341655716163,"Census Tract 102, San Juan Municipio, Puerto Rico",15.509999999999998,62,5659.0,2588.0,8775420.0,0.9289231779382797,0.9289231779382797,0.934971098265896,1.0,true
72127010500,San Juan,601,157,4,28,65,74,19,1.3883075182123447e-06,0.04658901830282862,46.58901830282862,0.10815307820299501,108.153078202995,0.12312811980033278,123.12811980033278,234.4063790090723,241.73085856237725,74.79702896620847,28.165084073877477,2024,62633.0,3233,2173,1100,1073,3313,1165,769,272,38,3939,2619,932,329,81,0.5062126092959043,0.677331723513432,0.6648895658796649,0.3558610156548301,0.1256204658266514,0.030927835051546393,"Census Tract 105, San Juan Municipio, Puerto Rico",1.1900000000000002,50,5142.0,3219.0,2811388.0,1.500437700612781,1.500437700612781,1.229564553093965,1.0,true
72127980000,San Juan,160,49,3,0,11,11,0,5.802411524781184e-08,0.0,0.0,0.06875,68.75,0.06875,68.75,224.91651708296325,221.36136661730862,81.06665921324105,28.03535591686893,2024,,9,0,0,0,0,0,0,0,0,0,0,0,0,0,,,,,,,"Census Tract 9800, San Juan Municipio, Puerto Rico",0.98,4,6.0,7.0,1244366.0,0.8571428571428571,0.8571428571428571,1.0,1.0,true
72127980101,San Juan,80,28,1,1,5,5,1,1.083932370156561e-07,0.0125,12.5,0.0625,62.5,0.0625,62.5,233.89426532496358,241.031849225954,74.85937454328993,28.1728760350611,2024,,0,0,0,0,0,0,0,0,0,0,0,0,0,0,,,,,,,"Census Tract 9801.01, San Juan Municipio, Puerto Rico",,2,0.0,0.0,545707.0,,,,1.0,true
72127980102,San Juan,55,18,2,0,0,0,0,0.0,0.0,0.0,0.0,0.0,0.0,0.0,230.08217147048768,232.26891581352015,78.05661161800877,28.14867289121044,2024,,0,0,0,0,0,0,0,0,0,0,0,0,0,0,,,,,,,"Census Tract 9801.02, San Juan Municipio, Puerto Rico",,1,0.0,0.0,242072.0,,,,1.0,true
72127980103,San Juan,64,34,2,2,3,4,1,1.958822106353722e-08,0.03125,31.25,0.046875,46.875,0.0625,62.5,233.86655118236092,240.97884037374232,74.8737782631855,28.172000496630503,2024,,0,0,0,0,0,0,0,0,0,0,0,0,0,0,,,,,,,"Census Tract 9801.03, San Juan Municipio, Puerto Rico",88.61,5,8.0,3.0,626818.0,0.010973936899862825,0.010973936899862825,0.009316770186335404,1.0,true
72127980104,San Juan,663,120,2,0,6,6,0,1.037131973862927e-07,0.0,0.0,0.00904977375565611,9.049773755656108,0.00904977375565611,9.049773755656108,232.32437708321643,238.02191496180802,75.67899699896608,28.117047256248334,2024,,0,0,0,0,0,0,0,0,0,0,0,0,0,0,,,,,,,"Census Tract 9801.04, San Juan Municipio, Puerto Rico",,11,3.0,1.0,1590161.0,,,,1.0,true
72127980105,San Juan,38,15,1,0,3,3,0,2.3871214067356084e-08,0.0,0.0,0.07894736842105263,78.94736842105263,0.07894736842105263,78.94736842105263,240.80930160334194,256.7601490568158,69.0038015436357,28.130165050581216,2024,,0,0,0,0,0,0,0,0,0,0,0,0,0,0,,,,,,,"Census Tract 9801.05, San Juan Municipio, Puerto Rico",,2,2.0,0.0,256589.0,,,,0.9792165168775163,true
72127980107,San Juan,29,11,1,1,3,4,0,9.657790900422938e-09,0.034482758620689655,34.48275862068966,0.10344827586206896,103.44827586206897,0.13793103448275862,137.93103448275863,240.809301603342,256.7601490568158,69.00380154363569,28.130165050581212,2024,,0,0,0,0,0,0,0,0,0,0,0,0,0,0,,,,,,,"Census Tract 9801.07, San Juan Municipio, Puerto Rico",,2,4.0,3.0,95354.0,,,,0.8882451025141824,true
72127980108,San Juan,198,52,1,8,9,11,6,1.8466128820766164e-07,0.04040404040404041,40.4040404040404,0.045454545454545456,45.45454545454545,0.05555555555555555,55.55555555555556,240.8093016033429,256.76014905681456,69.00380154363536,28.130165050581144,2024,,0,0,0,0,0,0,0,0,0,0,0,0,0,0,,,,,,,"Census Tract 9801.08, San Juan Municipio, Puerto Rico",,1,4.0,2.0,747136.0,,,,1.0,true
72127980200,San Juan,28,13,1,0,2,2,0,1.5811878225381323e-08,0.0,0.0,0.07142857142857142,71.42857142857143,0.07142857142857142,71.42857142857143,240.809301603342,256.7601490568158,69.00380154363569,28.130165050581212,2024,,17,0,0,0,0,0,0,0,0,0,0,0,0,0,,,,,,,"Census Tract 9802, San Juan Municipio, Puerto Rico",57.809999999999995,3,30.0,12.0,229871.0,0.7692307692307693,0.7692307692307693,1.2,1.0,true
72127980300,San Juan,32,15,1,0,0,0,0,0.0,0.0,0.0,0.0,0.0,0.0,0.0,237.3178907611775,247.39640575820135,73.17471436680812,28.122086434506425,2024,,0,0,0,0,0,0,0,0,0,0,0,0,0,0,,,,,,,"Census Tract 9803, San Juan Municipio, Puerto Rico",,6,0.0,0.0,242257.0,,,,1.0,true
